Species,Sensitivity_or_Exposure,Description,Initial_Weighted_Mean,sd,n,se,SME_Initiated_Revision,Final_Score
Barred_Sand_Bass,exposure_Near,mean_air_temp,1.60,0.63,15,0.16,FALSE,1.60
Barred_Sand_Bass,exposure_Near,mean_percipitation,1.67,0.62,15,0.16,FALSE,1.67
Barred_Sand_Bass,exposure_Near,mean_pH,2.87,0.64,15,0.17,FALSE,2.87
Barred_Sand_Bass,exposure_Near,mean_salinity,2.00,0.76,15,0.20,FALSE,2.00
Barred_Sand_Bass,exposure_Near,mean_SST,2.53,0.52,15,0.13,FALSE,2.53
Barred_Sand_Bass,exposure_Near,phenology_upwelling,2.27,0.70,15,0.18,FALSE,2.27
Barred_Sand_Bass,exposure_Near,sea_level_rise,2.73,0.70,15,0.18,FALSE,2.73
Barred_Sand_Bass,exposure_Near,subsurface_oxygen,1.67,0.72,15,0.19,FALSE,1.67
Barred_Surf_Perch,exposure_Near,mean_air_temp,1.67,0.62,15,0.16,FALSE,1.67
Barred_Surf_Perch,exposure_Near,mean_percipitation,1.73,0.70,15,0.18,FALSE,1.73
Barred_Surf_Perch,exposure_Near,mean_pH,2.73,0.59,15,0.15,FALSE,2.73
Barred_Surf_Perch,exposure_Near,mean_salinity,2.20,0.68,15,0.17,FALSE,2.20
Barred_Surf_Perch,exposure_Near,mean_SST,2.60,0.83,15,0.21,FALSE,2.60
Barred_Surf_Perch,exposure_Near,phenology_upwelling,1.87,0.74,15,0.19,FALSE,1.87
Barred_Surf_Perch,exposure_Near,sea_level_rise,2.73,0.59,15,0.15,FALSE,2.73
Barred_Surf_Perch,exposure_Near,subsurface_oxygen,1.80,0.77,15,0.20,FALSE,1.80
Brown_Smoothhound_Shark,exposure_Near,mean_air_temp,2.00,0.76,15,0.20,FALSE,2.00
Brown_Smoothhound_Shark,exposure_Near,mean_percipitation,2.00,0.93,15,0.24,FALSE,2.00
Brown_Smoothhound_Shark,exposure_Near,mean_pH,2.87,0.52,15,0.13,FALSE,2.87
Brown_Smoothhound_Shark,exposure_Near,mean_salinity,3.07,0.70,15,0.18,FALSE,3.07
Brown_Smoothhound_Shark,exposure_Near,mean_SST,2.47,0.83,15,0.22,FALSE,2.47
Brown_Smoothhound_Shark,exposure_Near,phenology_upwelling,1.67,0.72,15,0.19,FALSE,1.67
Brown_Smoothhound_Shark,exposure_Near,sea_level_rise,2.80,0.68,15,0.17,FALSE,2.80
Brown_Smoothhound_Shark,exposure_Near,subsurface_oxygen,1.93,0.96,15,0.25,FALSE,1.93
CA_Halibut,exposure_Near,mean_air_temp,1.60,0.63,15,0.16,FALSE,1.60
CA_Halibut,exposure_Near,mean_percipitation,2.13,0.83,15,0.22,FALSE,2.13
CA_Halibut,exposure_Near,mean_pH,2.53,0.74,15,0.19,FALSE,2.53
CA_Halibut,exposure_Near,mean_salinity,1.33,0.49,15,0.13,FALSE,1.33
CA_Halibut,exposure_Near,mean_SST,2.00,0.85,15,0.22,FALSE,2.00
CA_Halibut,exposure_Near,phenology_upwelling,1.27,0.46,15,0.12,FALSE,1.27
CA_Halibut,exposure_Near,sea_level_rise,2.87,0.64,15,0.17,FALSE,2.87
CA_Halibut,exposure_Near,subsurface_oxygen,1.33,0.49,15,0.13,FALSE,1.33
CA_Sheephead,exposure_Near,mean_air_temp,1.33,0.49,15,0.13,FALSE,1.33
CA_Sheephead,exposure_Near,mean_percipitation,1.47,0.64,15,0.17,FALSE,1.47
CA_Sheephead,exposure_Near,mean_pH,2.40,0.63,15,0.16,FALSE,2.40
CA_Sheephead,exposure_Near,mean_salinity,1.53,0.64,15,0.17,FALSE,1.53
CA_Sheephead,exposure_Near,mean_SST,2.27,0.70,15,0.18,FALSE,2.27
CA_Sheephead,exposure_Near,phenology_upwelling,1.60,0.63,15,0.16,FALSE,1.60
CA_Sheephead,exposure_Near,sea_level_rise,2.07,0.70,15,0.18,FALSE,2.07
CA_Sheephead,exposure_Near,subsurface_oxygen,1.47,0.64,15,0.17,FALSE,1.47
California_Barracuda,exposure_Near,mean_air_temp,1.53,0.52,15,0.13,FALSE,1.53
California_Barracuda,exposure_Near,mean_percipitation,1.47,0.64,15,0.17,FALSE,1.47
California_Barracuda,exposure_Near,mean_pH,2.53,0.99,15,0.26,FALSE,2.53
California_Barracuda,exposure_Near,mean_salinity,2.47,0.92,15,0.24,FALSE,2.47
California_Barracuda,exposure_Near,mean_SST,2.20,0.77,15,0.20,FALSE,2.20
California_Barracuda,exposure_Near,phenology_upwelling,1.73,0.70,15,0.18,FALSE,1.73
California_Barracuda,exposure_Near,sea_level_rise,1.67,0.72,15,0.19,FALSE,1.67
California_Barracuda,exposure_Near,subsurface_oxygen,1.33,0.49,15,0.13,FALSE,1.33
California_Corbina,exposure_Near,mean_air_temp,1.87,0.64,15,0.17,FALSE,1.87
California_Corbina,exposure_Near,mean_percipitation,1.73,0.70,15,0.18,FALSE,1.73
California_Corbina,exposure_Near,mean_pH,2.40,0.91,15,0.24,FALSE,2.40
California_Corbina,exposure_Near,mean_salinity,2.27,0.59,15,0.15,FALSE,2.27
California_Corbina,exposure_Near,mean_SST,2.33,1.05,15,0.27,FALSE,2.33
California_Corbina,exposure_Near,phenology_upwelling,1.60,0.63,15,0.16,FALSE,1.60
California_Corbina,exposure_Near,sea_level_rise,2.87,0.64,15,0.17,FALSE,2.87
California_Corbina,exposure_Near,subsurface_oxygen,1.47,0.52,15,0.13,FALSE,1.47
Dungeness_Crab,exposure_Near,mean_air_temp,2.20,0.77,15,0.20,FALSE,2.20
Dungeness_Crab,exposure_Near,mean_percipitation,1.60,0.63,15,0.16,FALSE,1.60
Dungeness_Crab,exposure_Near,mean_pH,3.40,0.63,15,0.16,FALSE,3.40
Dungeness_Crab,exposure_Near,mean_salinity,3.00,0.65,15,0.17,FALSE,3.00
Dungeness_Crab,exposure_Near,mean_SST,2.60,0.63,15,0.16,FALSE,2.60
Dungeness_Crab,exposure_Near,phenology_upwelling,3.20,0.68,15,0.17,FALSE,3.20
Dungeness_Crab,exposure_Near,sea_level_rise,2.47,0.74,15,0.19,FALSE,2.47
Dungeness_Crab,exposure_Near,subsurface_oxygen,2.47,0.92,15,0.24,TRUE,2.75
Giant_Red_Sea_Cucumber,exposure_Near,mean_air_temp,1.53,0.64,15,0.17,FALSE,1.53
Giant_Red_Sea_Cucumber,exposure_Near,mean_percipitation,1.07,0.26,15,0.07,FALSE,1.07
Giant_Red_Sea_Cucumber,exposure_Near,mean_pH,3.00,0.65,15,0.17,FALSE,3.00
Giant_Red_Sea_Cucumber,exposure_Near,mean_salinity,1.73,0.70,15,0.18,FALSE,1.73
Giant_Red_Sea_Cucumber,exposure_Near,mean_SST,1.93,0.80,15,0.21,FALSE,1.93
Giant_Red_Sea_Cucumber,exposure_Near,phenology_upwelling,1.87,0.83,15,0.22,FALSE,1.87
Giant_Red_Sea_Cucumber,exposure_Near,sea_level_rise,1.40,0.51,15,0.13,FALSE,1.40
Giant_Red_Sea_Cucumber,exposure_Near,subsurface_oxygen,2.07,0.88,15,0.23,FALSE,2.07
Jacksmelt,exposure_Near,mean_air_temp,2.40,0.51,15,0.13,FALSE,2.40
Jacksmelt,exposure_Near,mean_percipitation,2.20,0.86,15,0.22,FALSE,2.20
Jacksmelt,exposure_Near,mean_pH,2.93,0.59,15,0.15,FALSE,2.93
Jacksmelt,exposure_Near,mean_salinity,2.47,1.13,15,0.29,FALSE,2.47
Jacksmelt,exposure_Near,mean_SST,2.53,1.06,15,0.27,FALSE,2.53
Jacksmelt,exposure_Near,phenology_upwelling,1.93,0.88,15,0.23,FALSE,1.93
Jacksmelt,exposure_Near,sea_level_rise,2.67,0.62,15,0.16,FALSE,2.67
Jacksmelt,exposure_Near,subsurface_oxygen,1.67,0.62,15,0.16,FALSE,1.67
Kellet's_Whelk,exposure_Near,mean_air_temp,1.80,0.68,15,0.17,FALSE,1.80
Kellet's_Whelk,exposure_Near,mean_percipitation,1.40,0.63,15,0.16,FALSE,1.40
Kellet's_Whelk,exposure_Near,mean_pH,3.33,0.49,15,0.13,FALSE,3.33
Kellet's_Whelk,exposure_Near,mean_salinity,1.87,0.74,15,0.19,FALSE,1.87
Kellet's_Whelk,exposure_Near,mean_SST,1.53,0.64,15,0.17,FALSE,1.53
Kellet's_Whelk,exposure_Near,phenology_upwelling,2.13,0.74,15,0.19,FALSE,2.13
Kellet's_Whelk,exposure_Near,sea_level_rise,1.60,0.63,15,0.16,FALSE,1.60
Kellet's_Whelk,exposure_Near,subsurface_oxygen,1.87,0.74,15,0.19,FALSE,1.87
Kelp_Bass,exposure_Near,mean_air_temp,1.80,0.68,15,0.17,FALSE,1.80
Kelp_Bass,exposure_Near,mean_percipitation,1.67,0.62,15,0.16,FALSE,1.67
Kelp_Bass,exposure_Near,mean_pH,2.53,0.52,15,0.13,FALSE,2.53
Kelp_Bass,exposure_Near,mean_salinity,2.13,0.83,15,0.22,FALSE,2.13
Kelp_Bass,exposure_Near,mean_SST,2.47,0.52,15,0.13,FALSE,2.47
Kelp_Bass,exposure_Near,phenology_upwelling,2.33,0.62,15,0.16,FALSE,2.33
Kelp_Bass,exposure_Near,sea_level_rise,2.73,0.70,15,0.18,FALSE,2.73
Kelp_Bass,exposure_Near,subsurface_oxygen,1.67,0.72,15,0.19,FALSE,1.67
Market_Squid,exposure_Near,mean_air_temp,1.13,0.35,15,0.09,FALSE,1.13
Market_Squid,exposure_Near,mean_percipitation,1.20,0.41,15,0.11,FALSE,1.20
Market_Squid,exposure_Near,mean_pH,2.53,0.52,15,0.13,FALSE,2.53
Market_Squid,exposure_Near,mean_salinity,1.40,0.51,15,0.13,FALSE,1.40
Market_Squid,exposure_Near,mean_SST,2.33,0.82,15,0.21,FALSE,2.33
Market_Squid,exposure_Near,phenology_upwelling,3.00,0.76,15,0.20,TRUE,2.75
Market_Squid,exposure_Near,sea_level_rise,1.20,0.41,15,0.11,FALSE,1.20
Market_Squid,exposure_Near,subsurface_oxygen,3.00,0.65,15,0.17,FALSE,3.00
Night_Smelt,exposure_Near,mean_air_temp,1.73,0.80,15,0.21,FALSE,1.73
Night_Smelt,exposure_Near,mean_percipitation,1.60,0.74,15,0.19,FALSE,1.60
Night_Smelt,exposure_Near,mean_pH,2.53,0.52,15,0.13,FALSE,2.53
Night_Smelt,exposure_Near,mean_salinity,2.00,0.76,15,0.20,FALSE,2.00
Night_Smelt,exposure_Near,mean_SST,2.00,0.65,15,0.17,TRUE,2.75
Night_Smelt,exposure_Near,phenology_upwelling,2.33,0.72,15,0.19,FALSE,2.33
Night_Smelt,exposure_Near,sea_level_rise,1.93,0.80,15,0.21,TRUE,2.75
Night_Smelt,exposure_Near,subsurface_oxygen,2.27,0.88,15,0.23,FALSE,2.27
Ocean_Pink_Shrimp,exposure_Near,mean_air_temp,1.73,0.96,15,0.25,FALSE,1.73
Ocean_Pink_Shrimp,exposure_Near,mean_percipitation,1.67,0.82,15,0.21,FALSE,1.67
Ocean_Pink_Shrimp,exposure_Near,mean_pH,3.07,0.80,15,0.21,FALSE,3.07
Ocean_Pink_Shrimp,exposure_Near,mean_salinity,1.93,0.80,15,0.21,FALSE,1.93
Ocean_Pink_Shrimp,exposure_Near,mean_SST,2.67,0.62,15,0.16,FALSE,2.67
Ocean_Pink_Shrimp,exposure_Near,phenology_upwelling,2.73,0.59,15,0.15,FALSE,2.73
Ocean_Pink_Shrimp,exposure_Near,sea_level_rise,1.47,0.64,15,0.17,FALSE,1.47
Ocean_Pink_Shrimp,exposure_Near,subsurface_oxygen,2.40,0.99,15,0.25,TRUE,2.75
Ocean_Whitefish,exposure_Near,mean_air_temp,1.20,0.41,15,0.11,FALSE,1.20
Ocean_Whitefish,exposure_Near,mean_percipitation,1.20,0.41,15,0.11,FALSE,1.20
Ocean_Whitefish,exposure_Near,mean_pH,2.47,0.52,15,0.13,FALSE,2.47
Ocean_Whitefish,exposure_Near,mean_salinity,1.73,0.70,15,0.18,FALSE,1.73
Ocean_Whitefish,exposure_Near,mean_SST,2.80,0.68,15,0.17,FALSE,2.80
Ocean_Whitefish,exposure_Near,phenology_upwelling,2.07,0.88,15,0.23,FALSE,2.07
Ocean_Whitefish,exposure_Near,sea_level_rise,1.93,0.59,15,0.15,FALSE,1.93
Ocean_Whitefish,exposure_Near,subsurface_oxygen,1.73,0.70,15,0.18,FALSE,1.73
Pacific_Angel_Shark,exposure_Near,mean_air_temp,1.40,0.63,15,0.16,FALSE,1.40
Pacific_Angel_Shark,exposure_Near,mean_percipitation,1.60,0.63,15,0.16,FALSE,1.60
Pacific_Angel_Shark,exposure_Near,mean_pH,1.93,0.70,15,0.18,FALSE,1.93
Pacific_Angel_Shark,exposure_Near,mean_salinity,1.40,0.51,15,0.13,FALSE,1.40
Pacific_Angel_Shark,exposure_Near,mean_SST,2.13,0.64,15,0.17,FALSE,2.13
Pacific_Angel_Shark,exposure_Near,phenology_upwelling,1.53,0.64,15,0.17,FALSE,1.53
Pacific_Angel_Shark,exposure_Near,sea_level_rise,2.00,0.93,15,0.24,FALSE,2.00
Pacific_Angel_Shark,exposure_Near,subsurface_oxygen,1.75,0.68,16,0.17,FALSE,1.75
Pacific_Bonito,exposure_Near,mean_air_temp,1.28,0.46,25,0.09,FALSE,1.28
Pacific_Bonito,exposure_Near,mean_percipitation,1.04,0.20,25,0.04,FALSE,1.04
Pacific_Bonito,exposure_Near,mean_pH,1.68,0.69,25,0.14,FALSE,1.68
Pacific_Bonito,exposure_Near,mean_salinity,1.52,0.65,25,0.13,FALSE,1.52
Pacific_Bonito,exposure_Near,mean_SST,2.20,0.82,25,0.16,FALSE,2.20
Pacific_Bonito,exposure_Near,phenology_upwelling,1.88,0.78,25,0.16,FALSE,1.88
Pacific_Bonito,exposure_Near,sea_level_rise,1.36,0.57,25,0.11,FALSE,1.36
Pacific_Bonito,exposure_Near,subsurface_oxygen,1.80,0.76,25,0.15,FALSE,1.80
Pacific_Geoduck_Clam,exposure_Near,mean_air_temp,3.07,0.70,15,0.18,FALSE,3.07
Pacific_Geoduck_Clam,exposure_Near,mean_percipitation,2.56,0.73,16,0.18,FALSE,2.56
Pacific_Geoduck_Clam,exposure_Near,mean_pH,3.20,0.68,15,0.17,FALSE,3.20
Pacific_Geoduck_Clam,exposure_Near,mean_salinity,1.80,0.77,15,0.20,FALSE,1.80
Pacific_Geoduck_Clam,exposure_Near,mean_SST,2.93,0.70,15,0.18,FALSE,2.93
Pacific_Geoduck_Clam,exposure_Near,phenology_upwelling,1.87,0.74,15,0.19,FALSE,1.87
Pacific_Geoduck_Clam,exposure_Near,sea_level_rise,2.20,0.68,15,0.17,FALSE,2.20
Pacific_Geoduck_Clam,exposure_Near,subsurface_oxygen,1.67,0.72,15,0.19,FALSE,1.67
Pacific_Hagfish,exposure_Near,mean_air_temp,1.07,0.26,15,0.07,FALSE,1.07
Pacific_Hagfish,exposure_Near,mean_percipitation,1.07,0.26,15,0.07,FALSE,1.07
Pacific_Hagfish,exposure_Near,mean_pH,1.40,0.63,15,0.16,FALSE,1.40
Pacific_Hagfish,exposure_Near,mean_salinity,1.33,0.49,15,0.13,FALSE,1.33
Pacific_Hagfish,exposure_Near,mean_SST,1.20,0.41,15,0.11,FALSE,1.20
Pacific_Hagfish,exposure_Near,phenology_upwelling,1.40,0.51,15,0.13,FALSE,1.40
Pacific_Hagfish,exposure_Near,sea_level_rise,1.20,0.41,15,0.11,FALSE,1.20
Pacific_Hagfish,exposure_Near,subsurface_oxygen,1.53,0.64,15,0.17,FALSE,1.53
Pacific_Herring,exposure_Near,mean_air_temp,2.60,0.83,15,0.21,TRUE,3.25
Pacific_Herring,exposure_Near,mean_percipitation,2.33,0.82,15,0.21,TRUE,2.75
Pacific_Herring,exposure_Near,mean_pH,2.47,0.52,15,0.13,FALSE,2.47
Pacific_Herring,exposure_Near,mean_salinity,2.00,0.76,15,0.20,FALSE,2.00
Pacific_Herring,exposure_Near,mean_SST,2.73,0.80,15,0.21,TRUE,3.25
Pacific_Herring,exposure_Near,phenology_upwelling,2.07,0.70,15,0.18,FALSE,2.07
Pacific_Herring,exposure_Near,sea_level_rise,2.33,0.82,15,0.21,TRUE,2.75
Pacific_Herring,exposure_Near,subsurface_oxygen,1.93,0.88,15,0.23,FALSE,1.93
Pismo_Clam,exposure_Near,mean_air_temp,2.87,0.83,15,0.22,TRUE,2.25
Pismo_Clam,exposure_Near,mean_percipitation,2.60,0.74,15,0.19,FALSE,2.60
Pismo_Clam,exposure_Near,mean_pH,3.33,0.72,15,0.19,FALSE,3.33
Pismo_Clam,exposure_Near,mean_salinity,1.87,0.74,15,0.19,FALSE,1.87
Pismo_Clam,exposure_Near,mean_SST,2.87,0.74,15,0.19,TRUE,2.75
Pismo_Clam,exposure_Near,phenology_upwelling,1.67,0.62,15,0.16,FALSE,1.67
Pismo_Clam,exposure_Near,sea_level_rise,2.67,0.62,15,0.16,FALSE,2.67
Pismo_Clam,exposure_Near,subsurface_oxygen,1.47,0.64,15,0.17,FALSE,1.47
Red_Abalone,exposure_Near,mean_air_temp,2.48,0.96,25,0.19,FALSE,2.48
Red_Abalone,exposure_Near,mean_percipitation,1.80,0.76,25,0.15,TRUE,2.75
Red_Abalone,exposure_Near,mean_pH,3.20,0.65,25,0.13,FALSE,3.20
Red_Abalone,exposure_Near,mean_salinity,1.88,0.73,25,0.15,TRUE,2.75
Red_Abalone,exposure_Near,mean_SST,3.08,0.86,25,0.17,FALSE,3.08
Red_Abalone,exposure_Near,phenology_upwelling,2.32,1.07,25,0.21,TRUE,2.75
Red_Abalone,exposure_Near,sea_level_rise,2.08,0.91,25,0.18,FALSE,2.08
Red_Abalone,exposure_Near,subsurface_oxygen,1.68,0.69,25,0.14,TRUE,3.25
Red_Sea_Urchin,exposure_Near,mean_air_temp,1.73,0.70,15,0.18,FALSE,1.73
Red_Sea_Urchin,exposure_Near,mean_percipitation,1.20,0.41,15,0.11,FALSE,1.20
Red_Sea_Urchin,exposure_Near,mean_pH,3.00,0.65,15,0.17,FALSE,3.00
Red_Sea_Urchin,exposure_Near,mean_salinity,1.67,0.62,15,0.16,FALSE,1.67
Red_Sea_Urchin,exposure_Near,mean_SST,2.27,0.80,15,0.21,FALSE,2.27
Red_Sea_Urchin,exposure_Near,phenology_upwelling,2.40,0.63,15,0.16,FALSE,2.40
Red_Sea_Urchin,exposure_Near,sea_level_rise,1.73,0.59,15,0.15,FALSE,1.73
Red_Sea_Urchin,exposure_Near,subsurface_oxygen,1.40,0.51,15,0.13,FALSE,1.40
Redtail_Surfperch,exposure_Near,mean_air_temp,1.60,0.63,15,0.16,FALSE,1.60
Redtail_Surfperch,exposure_Near,mean_percipitation,1.69,0.70,16,0.18,FALSE,1.69
Redtail_Surfperch,exposure_Near,mean_pH,2.33,0.72,15,0.19,FALSE,2.33
Redtail_Surfperch,exposure_Near,mean_salinity,1.53,0.64,15,0.17,FALSE,1.53
Redtail_Surfperch,exposure_Near,mean_SST,2.33,0.82,15,0.21,FALSE,2.33
Redtail_Surfperch,exposure_Near,phenology_upwelling,1.40,0.51,15,0.13,FALSE,1.40
Redtail_Surfperch,exposure_Near,sea_level_rise,1.93,0.59,15,0.15,FALSE,1.93
Redtail_Surfperch,exposure_Near,subsurface_oxygen,1.69,0.63,13,0.17,FALSE,1.69
Ridgeback_Prawn,exposure_Near,mean_air_temp,1.20,0.41,15,0.11,FALSE,1.20
Ridgeback_Prawn,exposure_Near,mean_percipitation,1.13,0.35,15,0.09,FALSE,1.13
Ridgeback_Prawn,exposure_Near,mean_pH,2.93,0.59,15,0.15,TRUE,2.25
Ridgeback_Prawn,exposure_Near,mean_salinity,2.20,0.86,15,0.22,FALSE,2.20
Ridgeback_Prawn,exposure_Near,mean_SST,1.87,0.74,15,0.19,FALSE,1.87
Ridgeback_Prawn,exposure_Near,phenology_upwelling,2.33,0.72,15,0.19,FALSE,2.33
Ridgeback_Prawn,exposure_Near,sea_level_rise,1.53,0.64,15,0.17,FALSE,1.53
Ridgeback_Prawn,exposure_Near,subsurface_oxygen,2.73,0.59,15,0.15,FALSE,2.73
Rock_Crab,exposure_Near,mean_air_temp,1.53,0.64,15,0.17,FALSE,1.53
Rock_Crab,exposure_Near,mean_percipitation,1.33,0.62,15,0.16,FALSE,1.33
Rock_Crab,exposure_Near,mean_pH,3.00,0.65,15,0.17,FALSE,3.00
Rock_Crab,exposure_Near,mean_salinity,1.87,0.74,15,0.19,FALSE,1.87
Rock_Crab,exposure_Near,mean_SST,2.20,0.77,15,0.20,FALSE,2.20
Rock_Crab,exposure_Near,phenology_upwelling,1.87,0.83,15,0.22,FALSE,1.87
Rock_Crab,exposure_Near,sea_level_rise,2.73,0.70,15,0.18,FALSE,2.73
Rock_Crab,exposure_Near,subsurface_oxygen,1.87,0.74,15,0.19,FALSE,1.87
Shiner_Perch,exposure_Near,mean_air_temp,1.80,0.68,15,0.17,FALSE,1.80
Shiner_Perch,exposure_Near,mean_percipitation,1.80,0.77,15,0.20,FALSE,1.80
Shiner_Perch,exposure_Near,mean_pH,2.27,0.70,15,0.18,FALSE,2.27
Shiner_Perch,exposure_Near,mean_salinity,1.40,0.51,15,0.13,FALSE,1.40
Shiner_Perch,exposure_Near,mean_SST,2.47,0.64,15,0.17,FALSE,2.47
Shiner_Perch,exposure_Near,phenology_upwelling,1.60,0.63,15,0.16,FALSE,1.60
Shiner_Perch,exposure_Near,sea_level_rise,1.93,0.59,15,0.15,FALSE,1.93
Shiner_Perch,exposure_Near,subsurface_oxygen,1.53,0.64,15,0.17,FALSE,1.53
Spiny_Lobster,exposure_Near,mean_air_temp,1.87,0.92,15,0.24,FALSE,1.87
Spiny_Lobster,exposure_Near,mean_percipitation,1.73,0.70,15,0.18,FALSE,1.73
Spiny_Lobster,exposure_Near,mean_pH,3.07,0.70,15,0.18,FALSE,3.07
Spiny_Lobster,exposure_Near,mean_salinity,1.93,0.70,15,0.18,FALSE,1.93
Spiny_Lobster,exposure_Near,mean_SST,2.40,0.63,15,0.16,FALSE,2.40
Spiny_Lobster,exposure_Near,phenology_upwelling,2.53,0.52,15,0.13,FALSE,2.53
Spiny_Lobster,exposure_Near,sea_level_rise,2.53,0.74,15,0.19,FALSE,2.53
Spiny_Lobster,exposure_Near,subsurface_oxygen,2.07,0.70,15,0.18,FALSE,2.07
Spot_Prawn,exposure_Near,mean_air_temp,1.13,0.35,15,0.09,FALSE,1.13
Spot_Prawn,exposure_Near,mean_percipitation,1.07,0.26,15,0.07,FALSE,1.07
Spot_Prawn,exposure_Near,mean_pH,2.40,0.51,15,0.13,FALSE,2.40
Spot_Prawn,exposure_Near,mean_salinity,1.67,0.72,15,0.19,FALSE,1.67
Spot_Prawn,exposure_Near,mean_SST,1.79,0.70,14,0.19,TRUE,2.75
Spot_Prawn,exposure_Near,phenology_upwelling,2.13,0.74,15,0.19,TRUE,2.75
Spot_Prawn,exposure_Near,sea_level_rise,1.27,0.46,15,0.12,FALSE,1.27
Spot_Prawn,exposure_Near,subsurface_oxygen,2.00,0.76,15,0.20,FALSE,2.00
Spotted_Sand_Bass,exposure_Near,mean_air_temp,1.93,0.59,15,0.15,FALSE,1.93
Spotted_Sand_Bass,exposure_Near,mean_percipitation,1.73,0.59,15,0.15,FALSE,1.73
Spotted_Sand_Bass,exposure_Near,mean_pH,2.33,0.82,15,0.21,FALSE,2.33
Spotted_Sand_Bass,exposure_Near,mean_salinity,2.07,0.70,15,0.18,FALSE,2.07
Spotted_Sand_Bass,exposure_Near,mean_SST,2.13,0.92,15,0.24,FALSE,2.13
Spotted_Sand_Bass,exposure_Near,phenology_upwelling,2.00,0.65,15,0.17,FALSE,2.00
Spotted_Sand_Bass,exposure_Near,sea_level_rise,2.33,0.72,15,0.19,FALSE,2.33
Spotted_Sand_Bass,exposure_Near,subsurface_oxygen,1.87,0.83,15,0.22,FALSE,1.87
Warty_Sea_Cucumber,exposure_Near,mean_air_temp,1.33,0.62,15,0.16,FALSE,1.33
Warty_Sea_Cucumber,exposure_Near,mean_percipitation,1.13,0.35,15,0.09,FALSE,1.13
Warty_Sea_Cucumber,exposure_Near,mean_pH,2.00,0.65,15,0.17,FALSE,2.00
Warty_Sea_Cucumber,exposure_Near,mean_salinity,1.47,0.52,15,0.13,FALSE,1.47
Warty_Sea_Cucumber,exposure_Near,mean_SST,1.73,0.70,15,0.18,FALSE,1.73
Warty_Sea_Cucumber,exposure_Near,phenology_upwelling,1.80,0.77,15,0.20,FALSE,1.80
Warty_Sea_Cucumber,exposure_Near,sea_level_rise,1.53,0.64,15,0.17,FALSE,1.53
Warty_Sea_Cucumber,exposure_Near,subsurface_oxygen,1.67,0.72,15,0.19,FALSE,1.67
White_Croaker,exposure_Near,mean_air_temp,1.60,0.63,15,0.16,FALSE,1.60
White_Croaker,exposure_Near,mean_percipitation,1.47,0.64,15,0.17,FALSE,1.47
White_Croaker,exposure_Near,mean_pH,2.27,0.88,15,0.23,FALSE,2.27
White_Croaker,exposure_Near,mean_salinity,1.60,0.63,15,0.16,FALSE,1.60
White_Croaker,exposure_Near,mean_SST,1.93,0.70,15,0.18,FALSE,1.93
White_Croaker,exposure_Near,phenology_upwelling,1.40,0.51,15,0.13,FALSE,1.40
White_Croaker,exposure_Near,sea_level_rise,1.93,0.70,15,0.18,FALSE,1.93
White_Croaker,exposure_Near,subsurface_oxygen,1.40,0.63,15,0.16,FALSE,1.40
White_Seabass,exposure_Near,mean_air_temp,1.36,0.49,25,0.10,FALSE,1.36
White_Seabass,exposure_Near,mean_percipitation,1.72,0.61,25,0.12,FALSE,1.72
White_Seabass,exposure_Near,mean_pH,1.76,0.72,25,0.14,FALSE,1.76
White_Seabass,exposure_Near,mean_salinity,1.56,0.65,25,0.13,FALSE,1.56
White_Seabass,exposure_Near,mean_SST,2.12,0.88,25,0.18,FALSE,2.12
White_Seabass,exposure_Near,phenology_upwelling,1.44,0.65,25,0.13,FALSE,1.44
White_Seabass,exposure_Near,sea_level_rise,1.92,0.64,25,0.13,FALSE,1.92
White_Seabass,exposure_Near,subsurface_oxygen,1.28,0.46,25,0.09,FALSE,1.28
Barred_Sand_Bass,exposure_Far,mean_air_temp,2.33,0.72,15,0.19,FALSE,2.33
Barred_Sand_Bass,exposure_Far,mean_percipitation,2.13,0.83,15,0.22,FALSE,2.13
Barred_Sand_Bass,exposure_Far,mean_pH,3.73,0.46,15,0.12,FALSE,3.73
Barred_Sand_Bass,exposure_Far,mean_salinity,3.13,0.74,15,0.19,FALSE,3.13
Barred_Sand_Bass,exposure_Far,mean_SST,3.27,0.59,15,0.15,FALSE,3.27
Barred_Sand_Bass,exposure_Far,phenology_upwelling,3.07,0.70,15,0.18,FALSE,3.07
Barred_Sand_Bass,exposure_Far,sea_level_rise,3.20,0.77,15,0.20,FALSE,3.20
Barred_Sand_Bass,exposure_Far,subsurface_oxygen,2.67,0.62,15,0.16,FALSE,2.67
Barred_Surf_Perch,exposure_Far,mean_air_temp,2.20,0.68,15,0.17,FALSE,2.20
Barred_Surf_Perch,exposure_Far,mean_percipitation,2.27,0.70,15,0.18,FALSE,2.27
Barred_Surf_Perch,exposure_Far,mean_pH,3.60,0.63,15,0.16,FALSE,3.60
Barred_Surf_Perch,exposure_Far,mean_salinity,3.07,0.70,15,0.18,FALSE,3.07
Barred_Surf_Perch,exposure_Far,mean_SST,3.20,0.56,15,0.14,FALSE,3.20
Barred_Surf_Perch,exposure_Far,phenology_upwelling,2.73,0.70,15,0.18,FALSE,2.73
Barred_Surf_Perch,exposure_Far,sea_level_rise,3.13,0.64,15,0.17,FALSE,3.13
Barred_Surf_Perch,exposure_Far,subsurface_oxygen,2.47,0.99,15,0.26,FALSE,2.47
Brown_Smoothhound_Shark,exposure_Far,mean_air_temp,2.87,0.74,15,0.19,FALSE,2.87
Brown_Smoothhound_Shark,exposure_Far,mean_percipitation,2.53,0.74,15,0.19,FALSE,2.53
Brown_Smoothhound_Shark,exposure_Far,mean_pH,3.73,0.46,15,0.12,FALSE,3.73
Brown_Smoothhound_Shark,exposure_Far,mean_salinity,3.47,0.64,15,0.17,FALSE,3.47
Brown_Smoothhound_Shark,exposure_Far,mean_SST,3.27,0.70,15,0.18,FALSE,3.27
Brown_Smoothhound_Shark,exposure_Far,phenology_upwelling,2.07,0.70,15,0.18,FALSE,2.07
Brown_Smoothhound_Shark,exposure_Far,sea_level_rise,3.33,0.72,15,0.19,FALSE,3.33
Brown_Smoothhound_Shark,exposure_Far,subsurface_oxygen,3.47,0.52,15,0.13,FALSE,3.47
CA_Halibut,exposure_Far,mean_air_temp,2.33,0.72,15,0.19,FALSE,2.33
CA_Halibut,exposure_Far,mean_percipitation,2.47,0.83,15,0.22,FALSE,2.47
CA_Halibut,exposure_Far,mean_pH,3.67,0.49,15,0.13,FALSE,3.67
CA_Halibut,exposure_Far,mean_salinity,2.27,0.70,15,0.18,FALSE,2.27
CA_Halibut,exposure_Far,mean_SST,3.07,0.80,15,0.21,FALSE,3.07
CA_Halibut,exposure_Far,phenology_upwelling,1.87,0.64,15,0.17,FALSE,1.87
CA_Halibut,exposure_Far,sea_level_rise,3.47,0.64,15,0.17,FALSE,3.47
CA_Halibut,exposure_Far,subsurface_oxygen,2.87,0.64,15,0.17,FALSE,2.87
CA_Sheephead,exposure_Far,mean_air_temp,1.80,0.68,15,0.17,FALSE,1.80
CA_Sheephead,exposure_Far,mean_percipitation,2.00,0.93,15,0.24,FALSE,2.00
CA_Sheephead,exposure_Far,mean_pH,3.60,0.63,15,0.16,FALSE,3.60
CA_Sheephead,exposure_Far,mean_salinity,2.40,0.74,15,0.19,FALSE,2.40
CA_Sheephead,exposure_Far,mean_SST,3.20,0.77,15,0.20,TRUE,2.75
CA_Sheephead,exposure_Far,phenology_upwelling,2.20,0.86,15,0.22,FALSE,2.20
CA_Sheephead,exposure_Far,sea_level_rise,2.47,0.74,15,0.19,FALSE,2.47
CA_Sheephead,exposure_Far,subsurface_oxygen,2.53,0.74,15,0.19,FALSE,2.53
California_Barracuda,exposure_Far,mean_air_temp,2.40,0.83,15,0.21,FALSE,2.40
California_Barracuda,exposure_Far,mean_percipitation,1.73,0.80,15,0.21,FALSE,1.73
California_Barracuda,exposure_Far,mean_pH,3.73,0.46,15,0.12,FALSE,3.73
California_Barracuda,exposure_Far,mean_salinity,3.00,0.76,15,0.20,TRUE,2.75
California_Barracuda,exposure_Far,mean_SST,3.27,0.70,15,0.18,FALSE,3.27
California_Barracuda,exposure_Far,phenology_upwelling,2.33,0.82,15,0.21,FALSE,2.33
California_Barracuda,exposure_Far,sea_level_rise,1.87,0.74,15,0.19,FALSE,1.87
California_Barracuda,exposure_Far,subsurface_oxygen,2.53,0.74,15,0.19,FALSE,2.53
California_Corbina,exposure_Far,mean_air_temp,2.60,0.83,15,0.21,FALSE,2.60
California_Corbina,exposure_Far,mean_percipitation,2.20,0.68,15,0.17,FALSE,2.20
California_Corbina,exposure_Far,mean_pH,3.40,0.74,15,0.19,FALSE,3.40
California_Corbina,exposure_Far,mean_salinity,2.80,0.68,15,0.17,FALSE,2.80
California_Corbina,exposure_Far,mean_SST,2.80,0.68,15,0.17,FALSE,2.80
California_Corbina,exposure_Far,phenology_upwelling,2.33,0.62,15,0.16,FALSE,2.33
California_Corbina,exposure_Far,sea_level_rise,3.40,0.63,15,0.16,FALSE,3.40
California_Corbina,exposure_Far,subsurface_oxygen,2.53,0.74,15,0.19,FALSE,2.53
Dungeness_Crab,exposure_Far,mean_air_temp,2.80,0.68,15,0.17,FALSE,2.80
Dungeness_Crab,exposure_Far,mean_percipitation,2.60,0.63,15,0.16,FALSE,2.60
Dungeness_Crab,exposure_Far,mean_pH,3.93,0.26,15,0.07,FALSE,3.93
Dungeness_Crab,exposure_Far,mean_salinity,3.47,0.52,15,0.13,FALSE,3.47
Dungeness_Crab,exposure_Far,mean_SST,3.53,0.52,15,0.13,FALSE,3.53
Dungeness_Crab,exposure_Far,phenology_upwelling,3.60,0.51,15,0.13,FALSE,3.60
Dungeness_Crab,exposure_Far,sea_level_rise,3.00,0.65,15,0.17,FALSE,3.00
Dungeness_Crab,exposure_Far,subsurface_oxygen,3.33,0.72,15,0.19,FALSE,3.33
Giant_Red_Sea_Cucumber,exposure_Far,mean_air_temp,2.13,0.83,15,0.22,FALSE,2.13
Giant_Red_Sea_Cucumber,exposure_Far,mean_percipitation,1.33,0.62,15,0.16,FALSE,1.33
Giant_Red_Sea_Cucumber,exposure_Far,mean_pH,3.80,0.41,15,0.11,FALSE,3.80
Giant_Red_Sea_Cucumber,exposure_Far,mean_salinity,2.47,0.74,15,0.19,FALSE,2.47
Giant_Red_Sea_Cucumber,exposure_Far,mean_SST,2.60,0.63,15,0.16,FALSE,2.60
Giant_Red_Sea_Cucumber,exposure_Far,phenology_upwelling,2.27,0.80,15,0.21,FALSE,2.27
Giant_Red_Sea_Cucumber,exposure_Far,sea_level_rise,1.87,0.64,15,0.17,FALSE,1.87
Giant_Red_Sea_Cucumber,exposure_Far,subsurface_oxygen,3.27,0.59,15,0.15,FALSE,3.27
Jacksmelt,exposure_Far,mean_air_temp,3.27,0.59,15,0.15,FALSE,3.27
Jacksmelt,exposure_Far,mean_percipitation,2.47,0.83,15,0.22,FALSE,2.47
Jacksmelt,exposure_Far,mean_pH,3.73,0.46,15,0.12,FALSE,3.73
Jacksmelt,exposure_Far,mean_salinity,2.87,1.06,15,0.27,FALSE,2.87
Jacksmelt,exposure_Far,mean_SST,3.40,0.63,15,0.16,FALSE,3.40
Jacksmelt,exposure_Far,phenology_upwelling,2.40,1.18,15,0.31,FALSE,2.40
Jacksmelt,exposure_Far,sea_level_rise,3.47,0.52,15,0.13,FALSE,3.47
Jacksmelt,exposure_Far,subsurface_oxygen,2.93,0.70,15,0.18,FALSE,2.93
Kellet's_Whelk,exposure_Far,mean_air_temp,2.00,0.65,15,0.17,FALSE,2.00
Kellet's_Whelk,exposure_Far,mean_percipitation,1.27,0.46,15,0.12,FALSE,1.27
Kellet's_Whelk,exposure_Far,mean_pH,3.87,0.35,15,0.09,FALSE,3.87
Kellet's_Whelk,exposure_Far,mean_salinity,2.40,0.83,15,0.21,FALSE,2.40
Kellet's_Whelk,exposure_Far,mean_SST,2.07,0.70,15,0.18,FALSE,2.07
Kellet's_Whelk,exposure_Far,phenology_upwelling,2.93,0.88,15,0.23,FALSE,2.93
Kellet's_Whelk,exposure_Far,sea_level_rise,2.40,0.51,15,0.13,FALSE,2.40
Kellet's_Whelk,exposure_Far,subsurface_oxygen,2.87,0.74,15,0.19,FALSE,2.87
Kelp_Bass,exposure_Far,mean_air_temp,2.60,0.83,15,0.21,TRUE,2.25
Kelp_Bass,exposure_Far,mean_percipitation,2.13,0.83,15,0.22,FALSE,2.13
Kelp_Bass,exposure_Far,mean_pH,3.40,0.74,15,0.19,FALSE,3.40
Kelp_Bass,exposure_Far,mean_salinity,3.00,0.85,15,0.22,FALSE,3.00
Kelp_Bass,exposure_Far,mean_SST,3.40,0.63,15,0.16,FALSE,3.40
Kelp_Bass,exposure_Far,phenology_upwelling,3.13,0.74,15,0.19,FALSE,3.13
Kelp_Bass,exposure_Far,sea_level_rise,2.93,0.80,15,0.21,TRUE,3.25
Kelp_Bass,exposure_Far,subsurface_oxygen,2.53,0.74,15,0.19,FALSE,2.53
Market_Squid,exposure_Far,mean_air_temp,1.87,0.83,15,0.22,FALSE,1.87
Market_Squid,exposure_Far,mean_percipitation,1.80,0.56,15,0.14,FALSE,1.80
Market_Squid,exposure_Far,mean_pH,3.73,0.46,15,0.12,FALSE,3.73
Market_Squid,exposure_Far,mean_salinity,2.47,0.92,15,0.24,FALSE,2.47
Market_Squid,exposure_Far,mean_SST,3.40,0.63,15,0.16,FALSE,3.40
Market_Squid,exposure_Far,phenology_upwelling,3.73,0.46,15,0.12,FALSE,3.73
Market_Squid,exposure_Far,sea_level_rise,1.73,0.80,15,0.21,FALSE,1.73
Market_Squid,exposure_Far,subsurface_oxygen,3.73,0.46,15,0.12,FALSE,3.73
Night_Smelt,exposure_Far,mean_air_temp,2.40,0.91,15,0.24,FALSE,2.40
Night_Smelt,exposure_Far,mean_percipitation,1.87,0.83,15,0.22,FALSE,1.87
Night_Smelt,exposure_Far,mean_pH,3.53,0.74,15,0.19,FALSE,3.53
Night_Smelt,exposure_Far,mean_salinity,3.20,0.68,15,0.17,FALSE,3.20
Night_Smelt,exposure_Far,mean_SST,2.67,0.72,15,0.19,TRUE,3.75
Night_Smelt,exposure_Far,phenology_upwelling,2.87,0.74,15,0.19,FALSE,2.87
Night_Smelt,exposure_Far,sea_level_rise,1.80,0.68,15,0.17,TRUE,3.75
Night_Smelt,exposure_Far,subsurface_oxygen,2.33,0.90,15,0.23,FALSE,2.33
Ocean_Pink_Shrimp,exposure_Far,mean_air_temp,2.20,0.94,15,0.24,FALSE,2.20
Ocean_Pink_Shrimp,exposure_Far,mean_percipitation,1.53,0.64,15,0.17,FALSE,1.53
Ocean_Pink_Shrimp,exposure_Far,mean_pH,3.80,0.41,15,0.11,FALSE,3.80
Ocean_Pink_Shrimp,exposure_Far,mean_salinity,2.40,0.99,15,0.25,FALSE,2.40
Ocean_Pink_Shrimp,exposure_Far,mean_SST,3.33,0.62,15,0.16,FALSE,3.33
Ocean_Pink_Shrimp,exposure_Far,phenology_upwelling,3.60,0.51,15,0.13,FALSE,3.60
Ocean_Pink_Shrimp,exposure_Far,sea_level_rise,1.80,0.68,15,0.17,FALSE,1.80
Ocean_Pink_Shrimp,exposure_Far,subsurface_oxygen,3.67,0.49,15,0.13,FALSE,3.67
Ocean_Whitefish,exposure_Far,mean_air_temp,2.00,0.85,15,0.22,FALSE,2.00
Ocean_Whitefish,exposure_Far,mean_percipitation,1.53,0.64,15,0.17,FALSE,1.53
Ocean_Whitefish,exposure_Far,mean_pH,3.13,0.74,15,0.19,FALSE,3.13
Ocean_Whitefish,exposure_Far,mean_salinity,1.93,0.70,15,0.18,FALSE,1.93
Ocean_Whitefish,exposure_Far,mean_SST,3.20,0.68,15,0.17,FALSE,3.20
Ocean_Whitefish,exposure_Far,phenology_upwelling,2.47,0.74,15,0.19,FALSE,2.47
Ocean_Whitefish,exposure_Far,sea_level_rise,2.27,0.59,15,0.15,FALSE,2.27
Ocean_Whitefish,exposure_Far,subsurface_oxygen,2.27,0.70,15,0.18,FALSE,2.27
Pacific_Angel_Shark,exposure_Far,mean_air_temp,1.87,0.92,15,0.24,FALSE,1.87
Pacific_Angel_Shark,exposure_Far,mean_percipitation,1.87,0.92,15,0.24,FALSE,1.87
Pacific_Angel_Shark,exposure_Far,mean_pH,3.13,0.92,15,0.24,FALSE,3.13
Pacific_Angel_Shark,exposure_Far,mean_salinity,2.07,0.80,15,0.21,FALSE,2.07
Pacific_Angel_Shark,exposure_Far,mean_SST,1.93,0.70,15,0.18,FALSE,1.93
Pacific_Angel_Shark,exposure_Far,phenology_upwelling,1.93,0.80,15,0.21,FALSE,1.93
Pacific_Angel_Shark,exposure_Far,sea_level_rise,2.40,0.99,15,0.25,FALSE,2.40
Pacific_Angel_Shark,exposure_Far,subsurface_oxygen,2.81,0.66,16,0.16,FALSE,2.81
Pacific_Bonito,exposure_Far,mean_air_temp,1.88,0.73,25,0.15,FALSE,1.88
Pacific_Bonito,exposure_Far,mean_percipitation,1.36,0.57,25,0.11,FALSE,1.36
Pacific_Bonito,exposure_Far,mean_pH,2.80,1.08,25,0.22,FALSE,2.80
Pacific_Bonito,exposure_Far,mean_salinity,2.32,0.80,25,0.16,FALSE,2.32
Pacific_Bonito,exposure_Far,mean_SST,3.00,0.76,25,0.15,TRUE,2.75
Pacific_Bonito,exposure_Far,phenology_upwelling,2.32,0.63,25,0.13,FALSE,2.32
Pacific_Bonito,exposure_Far,sea_level_rise,1.64,0.70,25,0.14,FALSE,1.64
Pacific_Bonito,exposure_Far,subsurface_oxygen,2.80,0.91,25,0.18,FALSE,2.80
Pacific_Geoduck_Clam,exposure_Far,mean_air_temp,3.53,0.52,15,0.13,FALSE,3.53
Pacific_Geoduck_Clam,exposure_Far,mean_percipitation,3.40,0.63,15,0.16,TRUE,2.75
Pacific_Geoduck_Clam,exposure_Far,mean_pH,3.80,0.41,15,0.11,FALSE,3.80
Pacific_Geoduck_Clam,exposure_Far,mean_salinity,2.29,0.91,14,0.24,FALSE,2.29
Pacific_Geoduck_Clam,exposure_Far,mean_SST,3.33,0.72,15,0.19,FALSE,3.33
Pacific_Geoduck_Clam,exposure_Far,phenology_upwelling,2.53,0.64,15,0.17,FALSE,2.53
Pacific_Geoduck_Clam,exposure_Far,sea_level_rise,3.40,0.51,15,0.13,TRUE,2.75
Pacific_Geoduck_Clam,exposure_Far,subsurface_oxygen,2.47,0.74,15,0.19,FALSE,2.47
Pacific_Hagfish,exposure_Far,mean_air_temp,1.20,0.41,15,0.11,FALSE,1.20
Pacific_Hagfish,exposure_Far,mean_percipitation,1.27,0.59,15,0.15,FALSE,1.27
Pacific_Hagfish,exposure_Far,mean_pH,1.73,0.80,15,0.21,FALSE,1.73
Pacific_Hagfish,exposure_Far,mean_salinity,2.00,0.93,15,0.24,FALSE,2.00
Pacific_Hagfish,exposure_Far,mean_SST,1.47,0.52,15,0.13,FALSE,1.47
Pacific_Hagfish,exposure_Far,phenology_upwelling,1.67,0.62,15,0.16,FALSE,1.67
Pacific_Hagfish,exposure_Far,sea_level_rise,1.40,0.63,15,0.16,FALSE,1.40
Pacific_Hagfish,exposure_Far,subsurface_oxygen,2.60,1.18,15,0.31,TRUE,2.25
Pacific_Herring,exposure_Far,mean_air_temp,3.07,0.70,15,0.18,TRUE,3.75
Pacific_Herring,exposure_Far,mean_percipitation,3.13,0.74,15,0.19,FALSE,3.13
Pacific_Herring,exposure_Far,mean_pH,3.27,0.59,15,0.15,FALSE,3.27
Pacific_Herring,exposure_Far,mean_salinity,3.47,0.74,15,0.19,FALSE,3.47
Pacific_Herring,exposure_Far,mean_SST,3.53,0.64,15,0.17,FALSE,3.53
Pacific_Herring,exposure_Far,phenology_upwelling,2.87,0.74,15,0.19,FALSE,2.87
Pacific_Herring,exposure_Far,sea_level_rise,3.13,0.74,15,0.19,TRUE,3.75
Pacific_Herring,exposure_Far,subsurface_oxygen,2.73,0.70,15,0.18,FALSE,2.73
Pismo_Clam,exposure_Far,mean_air_temp,3.67,0.49,15,0.13,FALSE,3.67
Pismo_Clam,exposure_Far,mean_percipitation,3.33,0.72,15,0.19,FALSE,3.33
Pismo_Clam,exposure_Far,mean_pH,3.63,0.62,16,0.15,FALSE,3.63
Pismo_Clam,exposure_Far,mean_salinity,2.73,0.70,15,0.18,FALSE,2.73
Pismo_Clam,exposure_Far,mean_SST,3.53,0.74,15,0.19,FALSE,3.53
Pismo_Clam,exposure_Far,phenology_upwelling,2.33,0.62,15,0.16,FALSE,2.33
Pismo_Clam,exposure_Far,sea_level_rise,3.60,0.51,15,0.13,TRUE,2.75
Pismo_Clam,exposure_Far,subsurface_oxygen,2.20,0.68,15,0.17,FALSE,2.20
Red_Abalone,exposure_Far,mean_air_temp,2.96,0.93,25,0.19,FALSE,2.96
Red_Abalone,exposure_Far,mean_percipitation,2.36,0.95,25,0.19,TRUE,2.75
Red_Abalone,exposure_Far,mean_pH,3.84,0.37,25,0.07,FALSE,3.84
Red_Abalone,exposure_Far,mean_salinity,2.64,0.70,25,0.14,FALSE,2.64
Red_Abalone,exposure_Far,mean_SST,3.68,0.63,25,0.13,FALSE,3.68
Red_Abalone,exposure_Far,phenology_upwelling,3.20,0.91,25,0.18,FALSE,3.20
Red_Abalone,exposure_Far,sea_level_rise,2.56,0.92,25,0.18,FALSE,2.56
Red_Abalone,exposure_Far,subsurface_oxygen,2.72,0.61,25,0.12,TRUE,3.25
Red_Sea_Urchin,exposure_Far,mean_air_temp,2.27,0.80,15,0.21,FALSE,2.27
Red_Sea_Urchin,exposure_Far,mean_percipitation,1.73,0.96,15,0.25,FALSE,1.73
Red_Sea_Urchin,exposure_Far,mean_pH,3.60,0.51,15,0.13,FALSE,3.60
Red_Sea_Urchin,exposure_Far,mean_salinity,2.20,0.77,15,0.20,FALSE,2.20
Red_Sea_Urchin,exposure_Far,mean_SST,2.87,0.74,15,0.19,FALSE,2.87
Red_Sea_Urchin,exposure_Far,phenology_upwelling,2.87,0.74,15,0.19,FALSE,2.87
Red_Sea_Urchin,exposure_Far,sea_level_rise,2.13,0.64,15,0.17,FALSE,2.13
Red_Sea_Urchin,exposure_Far,subsurface_oxygen,2.40,0.99,15,0.25,FALSE,2.40
Redtail_Surfperch,exposure_Far,mean_air_temp,2.20,0.68,15,0.17,FALSE,2.20
Redtail_Surfperch,exposure_Far,mean_percipitation,2.27,0.70,15,0.18,FALSE,2.27
Redtail_Surfperch,exposure_Far,mean_pH,3.20,0.77,15,0.20,FALSE,3.20
Redtail_Surfperch,exposure_Far,mean_salinity,2.13,0.74,15,0.19,FALSE,2.13
Redtail_Surfperch,exposure_Far,mean_SST,2.80,0.86,15,0.22,FALSE,2.80
Redtail_Surfperch,exposure_Far,phenology_upwelling,2.13,0.74,15,0.19,FALSE,2.13
Redtail_Surfperch,exposure_Far,sea_level_rise,2.40,0.83,15,0.21,FALSE,2.40
Redtail_Surfperch,exposure_Far,subsurface_oxygen,2.40,0.63,15,0.16,FALSE,2.40
Ridgeback_Prawn,exposure_Far,mean_air_temp,1.47,0.64,15,0.17,FALSE,1.47
Ridgeback_Prawn,exposure_Far,mean_percipitation,1.53,0.74,15,0.19,FALSE,1.53
Ridgeback_Prawn,exposure_Far,mean_pH,3.87,0.35,15,0.09,TRUE,3.25
Ridgeback_Prawn,exposure_Far,mean_salinity,3.20,0.77,15,0.20,FALSE,3.20
Ridgeback_Prawn,exposure_Far,mean_SST,2.73,0.80,15,0.21,TRUE,2.75
Ridgeback_Prawn,exposure_Far,phenology_upwelling,2.87,0.74,15,0.19,FALSE,2.87
Ridgeback_Prawn,exposure_Far,sea_level_rise,1.93,0.88,15,0.23,FALSE,1.93
Ridgeback_Prawn,exposure_Far,subsurface_oxygen,2.80,0.86,15,0.22,FALSE,2.80
Rock_Crab,exposure_Far,mean_air_temp,2.07,0.70,15,0.18,FALSE,2.07
Rock_Crab,exposure_Far,mean_percipitation,1.87,0.83,15,0.22,FALSE,1.87
Rock_Crab,exposure_Far,mean_pH,3.80,0.41,15,0.11,FALSE,3.80
Rock_Crab,exposure_Far,mean_salinity,2.60,0.91,15,0.24,FALSE,2.60
Rock_Crab,exposure_Far,mean_SST,3.07,0.59,15,0.15,FALSE,3.07
Rock_Crab,exposure_Far,phenology_upwelling,2.67,0.82,15,0.21,FALSE,2.67
Rock_Crab,exposure_Far,sea_level_rise,3.27,0.80,15,0.21,FALSE,3.27
Rock_Crab,exposure_Far,subsurface_oxygen,2.67,0.82,15,0.21,FALSE,2.67
Shiner_Perch,exposure_Far,mean_air_temp,2.60,0.63,15,0.16,FALSE,2.60
Shiner_Perch,exposure_Far,mean_percipitation,2.80,0.94,15,0.24,FALSE,2.80
Shiner_Perch,exposure_Far,mean_pH,3.27,0.70,15,0.18,FALSE,3.27
Shiner_Perch,exposure_Far,mean_salinity,2.43,0.85,14,0.23,FALSE,2.43
Shiner_Perch,exposure_Far,mean_SST,3.27,0.70,15,0.18,FALSE,3.27
Shiner_Perch,exposure_Far,phenology_upwelling,2.13,0.72,16,0.18,FALSE,2.13
Shiner_Perch,exposure_Far,sea_level_rise,2.87,0.64,15,0.17,FALSE,2.87
Shiner_Perch,exposure_Far,subsurface_oxygen,2.40,0.63,15,0.16,FALSE,2.40
Spiny_Lobster,exposure_Far,mean_air_temp,2.27,0.88,15,0.23,FALSE,2.27
Spiny_Lobster,exposure_Far,mean_percipitation,1.93,0.96,15,0.25,FALSE,1.93
Spiny_Lobster,exposure_Far,mean_pH,3.73,0.46,15,0.12,FALSE,3.73
Spiny_Lobster,exposure_Far,mean_salinity,2.73,0.70,15,0.18,FALSE,2.73
Spiny_Lobster,exposure_Far,mean_SST,3.13,0.64,15,0.17,FALSE,3.13
Spiny_Lobster,exposure_Far,phenology_upwelling,3.33,0.62,15,0.16,FALSE,3.33
Spiny_Lobster,exposure_Far,sea_level_rise,2.93,0.70,15,0.18,FALSE,2.93
Spiny_Lobster,exposure_Far,subsurface_oxygen,2.87,0.64,15,0.17,FALSE,2.87
Spot_Prawn,exposure_Far,mean_air_temp,1.40,0.63,15,0.16,FALSE,1.40
Spot_Prawn,exposure_Far,mean_percipitation,1.27,0.59,15,0.15,FALSE,1.27
Spot_Prawn,exposure_Far,mean_pH,2.53,0.52,15,0.13,FALSE,2.53
Spot_Prawn,exposure_Far,mean_salinity,2.67,0.82,15,0.21,TRUE,2.25
Spot_Prawn,exposure_Far,mean_SST,2.20,0.86,15,0.22,TRUE,3.25
Spot_Prawn,exposure_Far,phenology_upwelling,2.47,0.74,15,0.19,FALSE,2.47
Spot_Prawn,exposure_Far,sea_level_rise,1.60,0.63,15,0.16,FALSE,1.60
Spot_Prawn,exposure_Far,subsurface_oxygen,3.00,0.65,15,0.17,FALSE,3.00
Spotted_Sand_Bass,exposure_Far,mean_air_temp,3.00,0.65,15,0.17,FALSE,3.00
Spotted_Sand_Bass,exposure_Far,mean_percipitation,2.40,0.74,15,0.19,FALSE,2.40
Spotted_Sand_Bass,exposure_Far,mean_pH,3.87,0.35,15,0.09,FALSE,3.87
Spotted_Sand_Bass,exposure_Far,mean_salinity,3.00,0.93,15,0.24,FALSE,3.00
Spotted_Sand_Bass,exposure_Far,mean_SST,2.87,0.74,15,0.19,FALSE,2.87
Spotted_Sand_Bass,exposure_Far,phenology_upwelling,3.07,0.70,15,0.18,FALSE,3.07
Spotted_Sand_Bass,exposure_Far,sea_level_rise,3.07,0.80,15,0.21,TRUE,3.75
Spotted_Sand_Bass,exposure_Far,subsurface_oxygen,2.80,0.68,15,0.17,FALSE,2.80
Warty_Sea_Cucumber,exposure_Far,mean_air_temp,1.87,0.92,15,0.24,FALSE,1.87
Warty_Sea_Cucumber,exposure_Far,mean_percipitation,1.53,0.74,15,0.19,FALSE,1.53
Warty_Sea_Cucumber,exposure_Far,mean_pH,4.00,0.00,15,0.00,FALSE,4.00
Warty_Sea_Cucumber,exposure_Far,mean_salinity,1.93,0.70,15,0.18,FALSE,1.93
Warty_Sea_Cucumber,exposure_Far,mean_SST,2.80,0.86,15,0.22,FALSE,2.80
Warty_Sea_Cucumber,exposure_Far,phenology_upwelling,2.40,0.83,15,0.21,FALSE,2.40
Warty_Sea_Cucumber,exposure_Far,sea_level_rise,1.93,0.70,15,0.18,FALSE,1.93
Warty_Sea_Cucumber,exposure_Far,subsurface_oxygen,3.07,0.70,15,0.18,FALSE,3.07
White_Croaker,exposure_Far,mean_air_temp,2.67,0.49,15,0.13,FALSE,2.67
White_Croaker,exposure_Far,mean_percipitation,2.20,0.56,15,0.14,FALSE,2.20
White_Croaker,exposure_Far,mean_pH,3.73,0.46,15,0.12,FALSE,3.73
White_Croaker,exposure_Far,mean_salinity,2.67,0.62,15,0.16,FALSE,2.67
White_Croaker,exposure_Far,mean_SST,3.13,0.64,15,0.17,FALSE,3.13
White_Croaker,exposure_Far,phenology_upwelling,2.07,0.59,15,0.15,FALSE,2.07
White_Croaker,exposure_Far,sea_level_rise,2.80,0.56,15,0.14,FALSE,2.80
White_Croaker,exposure_Far,subsurface_oxygen,2.20,0.68,15,0.17,FALSE,2.20
White_Seabass,exposure_Far,mean_air_temp,2.16,0.75,25,0.15,FALSE,2.16
White_Seabass,exposure_Far,mean_percipitation,2.12,0.73,25,0.15,FALSE,2.12
White_Seabass,exposure_Far,mean_pH,3.24,0.78,25,0.16,FALSE,3.24
White_Seabass,exposure_Far,mean_salinity,2.28,0.74,25,0.15,FALSE,2.28
White_Seabass,exposure_Far,mean_SST,3.32,0.56,25,0.11,FALSE,3.32
White_Seabass,exposure_Far,phenology_upwelling,2.20,0.71,25,0.14,FALSE,2.20
White_Seabass,exposure_Far,sea_level_rise,2.16,0.69,25,0.14,FALSE,2.16
White_Seabass,exposure_Far,subsurface_oxygen,2.68,0.69,25,0.14,FALSE,2.68
Barred_Sand_Bass,sensitivity,adult_mobility,2.87,0.35,15,0.09,FALSE,2.87
Barred_Sand_Bass,sensitivity,complexity_in_reproductive_strategy,3.27,0.80,15,0.21,TRUE,3.75
Barred_Sand_Bass,sensitivity,dispersal_of_early_life_stages,1.67,0.49,15,0.13,FALSE,1.67
Barred_Sand_Bass,sensitivity,early_life_history_survival_and_settlement,3.07,0.70,15,0.18,FALSE,3.07
Barred_Sand_Bass,sensitivity,habitat_specificity,2.80,0.56,15,0.14,FALSE,2.80
Barred_Sand_Bass,sensitivity,other_stressors,2.80,0.86,15,0.22,FALSE,2.80
Barred_Sand_Bass,sensitivity,population_growth_rate,3.47,0.52,15,0.13,FALSE,3.47
Barred_Sand_Bass,sensitivity,prey_specificity,1.73,0.70,15,0.18,FALSE,1.73
Barred_Sand_Bass,sensitivity,sensitivity_to_OA,2.20,0.68,15,0.17,FALSE,2.20
Barred_Sand_Bass,sensitivity,sensitivity_to_temperature,2.87,0.64,15,0.17,FALSE,2.87
Barred_Sand_Bass,sensitivity,spawing_cycle,3.47,0.52,15,0.13,FALSE,3.47
Barred_Sand_Bass,sensitivity,stock_size_or_status,3.60,0.51,15,0.13,FALSE,3.60
Barred_Surf_Perch,sensitivity,adult_mobility,2.40,0.51,15,0.13,FALSE,2.40
Barred_Surf_Perch,sensitivity,complexity_in_reproductive_strategy,2.07,0.88,15,0.23,FALSE,2.07
Barred_Surf_Perch,sensitivity,dispersal_of_early_life_stages,3.38,0.96,16,0.24,FALSE,3.38
Barred_Surf_Perch,sensitivity,early_life_history_survival_and_settlement,2.47,0.64,15,0.17,FALSE,2.47
Barred_Surf_Perch,sensitivity,habitat_specificity,1.94,0.77,16,0.19,FALSE,1.94
Barred_Surf_Perch,sensitivity,other_stressors,1.87,0.64,15,0.17,FALSE,1.87
Barred_Surf_Perch,sensitivity,population_growth_rate,1.93,0.96,15,0.25,FALSE,1.93
Barred_Surf_Perch,sensitivity,prey_specificity,2.07,0.80,15,0.21,FALSE,2.07
Barred_Surf_Perch,sensitivity,sensitivity_to_OA,2.47,0.52,15,0.13,FALSE,2.47
Barred_Surf_Perch,sensitivity,sensitivity_to_temperature,2.27,0.88,15,0.23,FALSE,2.27
Barred_Surf_Perch,sensitivity,spawing_cycle,3.07,0.70,15,0.18,FALSE,3.07
Barred_Surf_Perch,sensitivity,stock_size_or_status,1.27,0.46,15,0.12,FALSE,1.27
Brown_Smoothhound_Shark,sensitivity,adult_mobility,1.80,0.68,15,0.17,FALSE,1.80
Brown_Smoothhound_Shark,sensitivity,complexity_in_reproductive_strategy,2.60,0.83,15,0.21,FALSE,2.60
Brown_Smoothhound_Shark,sensitivity,dispersal_of_early_life_stages,3.93,0.26,15,0.07,TRUE,3.25
Brown_Smoothhound_Shark,sensitivity,early_life_history_survival_and_settlement,1.73,0.70,15,0.18,FALSE,1.73
Brown_Smoothhound_Shark,sensitivity,habitat_specificity,2.67,0.98,15,0.25,FALSE,2.67
Brown_Smoothhound_Shark,sensitivity,other_stressors,2.00,0.65,15,0.17,FALSE,2.00
Brown_Smoothhound_Shark,sensitivity,population_growth_rate,2.47,0.74,15,0.19,FALSE,2.47
Brown_Smoothhound_Shark,sensitivity,prey_specificity,1.67,0.62,15,0.16,FALSE,1.67
Brown_Smoothhound_Shark,sensitivity,sensitivity_to_OA,2.00,0.65,15,0.17,FALSE,2.00
Brown_Smoothhound_Shark,sensitivity,sensitivity_to_temperature,1.80,0.94,15,0.24,FALSE,1.80
Brown_Smoothhound_Shark,sensitivity,spawing_cycle,3.67,0.49,15,0.13,FALSE,3.67
Brown_Smoothhound_Shark,sensitivity,stock_size_or_status,1.33,0.49,15,0.13,FALSE,1.33
CA_Halibut,sensitivity,adult_mobility,1.60,0.63,15,0.16,FALSE,1.60
CA_Halibut,sensitivity,complexity_in_reproductive_strategy,1.80,0.86,15,0.22,FALSE,1.80
CA_Halibut,sensitivity,dispersal_of_early_life_stages,1.93,0.59,15,0.15,FALSE,1.93
CA_Halibut,sensitivity,early_life_history_survival_and_settlement,1.87,0.64,15,0.17,FALSE,1.87
CA_Halibut,sensitivity,habitat_specificity,2.00,0.76,15,0.20,TRUE,2.75
CA_Halibut,sensitivity,other_stressors,1.80,0.94,15,0.24,FALSE,1.80
CA_Halibut,sensitivity,population_growth_rate,2.33,0.82,15,0.21,FALSE,2.33
CA_Halibut,sensitivity,prey_specificity,1.33,0.49,15,0.13,FALSE,1.33
CA_Halibut,sensitivity,sensitivity_to_OA,1.47,0.52,15,0.13,FALSE,1.47
CA_Halibut,sensitivity,sensitivity_to_temperature,1.67,0.72,15,0.19,FALSE,1.67
CA_Halibut,sensitivity,spawing_cycle,1.27,0.46,15,0.12,FALSE,1.27
CA_Halibut,sensitivity,stock_size_or_status,2.00,0.85,15,0.22,FALSE,2.00
CA_Sheephead,sensitivity,adult_mobility,2.60,0.51,15,0.13,FALSE,2.60
CA_Sheephead,sensitivity,complexity_in_reproductive_strategy,1.80,0.41,15,0.11,FALSE,1.80
CA_Sheephead,sensitivity,dispersal_of_early_life_stages,2.40,0.74,15,0.19,FALSE,2.40
CA_Sheephead,sensitivity,early_life_history_survival_and_settlement,2.60,0.83,15,0.21,FALSE,2.60
CA_Sheephead,sensitivity,habitat_specificity,3.60,0.51,15,0.13,FALSE,3.60
CA_Sheephead,sensitivity,other_stressors,3.00,0.53,15,0.14,TRUE,2.25
CA_Sheephead,sensitivity,population_growth_rate,2.93,0.70,15,0.18,FALSE,2.93
CA_Sheephead,sensitivity,prey_specificity,1.33,0.49,15,0.13,FALSE,1.33
CA_Sheephead,sensitivity,sensitivity_to_OA,2.67,0.72,15,0.19,FALSE,2.67
CA_Sheephead,sensitivity,sensitivity_to_temperature,3.00,0.65,15,0.17,FALSE,3.00
CA_Sheephead,sensitivity,spawing_cycle,2.33,0.62,15,0.16,FALSE,2.33
CA_Sheephead,sensitivity,stock_size_or_status,3.00,0.65,15,0.17,FALSE,3.00
California_Barracuda,sensitivity,adult_mobility,1.13,0.35,15,0.09,FALSE,1.13
California_Barracuda,sensitivity,complexity_in_reproductive_strategy,1.73,0.59,15,0.15,FALSE,1.73
California_Barracuda,sensitivity,dispersal_of_early_life_stages,2.27,0.59,15,0.15,FALSE,2.27
California_Barracuda,sensitivity,early_life_history_survival_and_settlement,2.33,0.90,15,0.23,FALSE,2.33
California_Barracuda,sensitivity,habitat_specificity,2.27,0.88,15,0.23,FALSE,2.27
California_Barracuda,sensitivity,other_stressors,1.27,0.46,15,0.12,FALSE,1.27
California_Barracuda,sensitivity,population_growth_rate,2.33,0.82,15,0.21,FALSE,2.33
California_Barracuda,sensitivity,prey_specificity,2.33,0.62,15,0.16,FALSE,2.33
California_Barracuda,sensitivity,sensitivity_to_OA,1.20,0.41,15,0.11,FALSE,1.20
California_Barracuda,sensitivity,sensitivity_to_temperature,1.93,0.70,15,0.18,FALSE,1.93
California_Barracuda,sensitivity,spawing_cycle,2.13,0.64,15,0.17,FALSE,2.13
California_Barracuda,sensitivity,stock_size_or_status,2.20,0.77,15,0.20,FALSE,2.20
California_Corbina,sensitivity,adult_mobility,2.20,0.56,15,0.14,FALSE,2.20
California_Corbina,sensitivity,complexity_in_reproductive_strategy,2.20,0.86,15,0.22,FALSE,2.20
California_Corbina,sensitivity,dispersal_of_early_life_stages,2.20,1.01,15,0.26,FALSE,2.20
California_Corbina,sensitivity,early_life_history_survival_and_settlement,2.20,0.77,15,0.20,FALSE,2.20
California_Corbina,sensitivity,habitat_specificity,1.93,1.03,15,0.27,TRUE,2.75
California_Corbina,sensitivity,other_stressors,1.67,0.72,15,0.19,FALSE,1.67
California_Corbina,sensitivity,population_growth_rate,1.87,0.52,15,0.13,FALSE,1.87
California_Corbina,sensitivity,prey_specificity,2.20,0.68,15,0.17,FALSE,2.20
California_Corbina,sensitivity,sensitivity_to_OA,2.33,0.62,15,0.16,FALSE,2.33
California_Corbina,sensitivity,sensitivity_to_temperature,1.73,0.80,15,0.21,TRUE,2.75
California_Corbina,sensitivity,spawing_cycle,2.40,0.63,15,0.16,FALSE,2.40
California_Corbina,sensitivity,stock_size_or_status,1.27,0.46,15,0.12,FALSE,1.27
Dungeness_Crab,sensitivity,adult_mobility,2.73,0.59,15,0.15,FALSE,2.73
Dungeness_Crab,sensitivity,complexity_in_reproductive_strategy,3.07,0.59,15,0.15,FALSE,3.07
Dungeness_Crab,sensitivity,dispersal_of_early_life_stages,1.40,0.63,15,0.16,FALSE,1.40
Dungeness_Crab,sensitivity,early_life_history_survival_and_settlement,3.53,0.64,15,0.17,FALSE,3.53
Dungeness_Crab,sensitivity,habitat_specificity,2.47,0.92,15,0.24,TRUE,2.75
Dungeness_Crab,sensitivity,other_stressors,2.20,0.86,15,0.22,FALSE,2.20
Dungeness_Crab,sensitivity,population_growth_rate,2.00,1.07,15,0.28,FALSE,2.00
Dungeness_Crab,sensitivity,prey_specificity,1.60,0.63,15,0.16,FALSE,1.60
Dungeness_Crab,sensitivity,sensitivity_to_OA,3.87,0.35,15,0.09,FALSE,3.87
Dungeness_Crab,sensitivity,sensitivity_to_temperature,3.47,0.64,15,0.17,FALSE,3.47
Dungeness_Crab,sensitivity,spawing_cycle,2.53,0.64,15,0.17,FALSE,2.53
Dungeness_Crab,sensitivity,stock_size_or_status,2.00,0.85,15,0.22,FALSE,2.00
Giant_Red_Sea_Cucumber,sensitivity,adult_mobility,3.20,0.68,15,0.17,FALSE,3.20
Giant_Red_Sea_Cucumber,sensitivity,complexity_in_reproductive_strategy,2.40,0.83,15,0.21,TRUE,3.25
Giant_Red_Sea_Cucumber,sensitivity,dispersal_of_early_life_stages,1.53,0.64,15,0.17,FALSE,1.53
Giant_Red_Sea_Cucumber,sensitivity,early_life_history_survival_and_settlement,2.13,0.92,15,0.24,FALSE,2.13
Giant_Red_Sea_Cucumber,sensitivity,habitat_specificity,1.27,0.46,15,0.12,FALSE,1.27
Giant_Red_Sea_Cucumber,sensitivity,other_stressors,2.33,0.82,15,0.21,FALSE,2.33
Giant_Red_Sea_Cucumber,sensitivity,population_growth_rate,3.07,1.10,15,0.28,FALSE,3.07
Giant_Red_Sea_Cucumber,sensitivity,prey_specificity,1.27,0.59,15,0.15,FALSE,1.27
Giant_Red_Sea_Cucumber,sensitivity,sensitivity_to_OA,1.80,1.01,15,0.26,FALSE,1.80
Giant_Red_Sea_Cucumber,sensitivity,sensitivity_to_temperature,1.80,0.77,15,0.20,FALSE,1.80
Giant_Red_Sea_Cucumber,sensitivity,spawing_cycle,3.00,0.65,15,0.17,FALSE,3.00
Giant_Red_Sea_Cucumber,sensitivity,stock_size_or_status,3.13,0.92,15,0.24,FALSE,3.13
Jacksmelt,sensitivity,adult_mobility,1.73,0.70,15,0.18,FALSE,1.73
Jacksmelt,sensitivity,complexity_in_reproductive_strategy,1.73,0.70,15,0.18,FALSE,1.73
Jacksmelt,sensitivity,dispersal_of_early_life_stages,3.33,0.72,15,0.19,FALSE,3.33
Jacksmelt,sensitivity,early_life_history_survival_and_settlement,2.07,0.70,15,0.18,FALSE,2.07
Jacksmelt,sensitivity,habitat_specificity,2.33,0.82,15,0.21,FALSE,2.33
Jacksmelt,sensitivity,other_stressors,2.67,0.62,15,0.16,FALSE,2.67
Jacksmelt,sensitivity,population_growth_rate,2.00,1.07,15,0.28,FALSE,2.00
Jacksmelt,sensitivity,prey_specificity,1.87,0.64,15,0.17,FALSE,1.87
Jacksmelt,sensitivity,sensitivity_to_OA,1.20,0.41,15,0.11,FALSE,1.20
Jacksmelt,sensitivity,sensitivity_to_temperature,1.73,0.70,15,0.18,FALSE,1.73
Jacksmelt,sensitivity,spawing_cycle,1.40,0.51,15,0.13,FALSE,1.40
Jacksmelt,sensitivity,stock_size_or_status,1.53,0.74,15,0.19,FALSE,1.53
Kellet's_Whelk,sensitivity,adult_mobility,3.27,0.70,15,0.18,FALSE,3.27
Kellet's_Whelk,sensitivity,complexity_in_reproductive_strategy,2.00,0.65,15,0.17,FALSE,2.00
Kellet's_Whelk,sensitivity,dispersal_of_early_life_stages,2.07,0.59,15,0.15,FALSE,2.07
Kellet's_Whelk,sensitivity,early_life_history_survival_and_settlement,2.80,0.68,15,0.17,FALSE,2.80
Kellet's_Whelk,sensitivity,habitat_specificity,2.67,0.62,15,0.16,FALSE,2.67
Kellet's_Whelk,sensitivity,other_stressors,1.53,0.74,15,0.19,FALSE,1.53
Kellet's_Whelk,sensitivity,population_growth_rate,3.53,0.64,15,0.17,FALSE,3.53
Kellet's_Whelk,sensitivity,prey_specificity,1.40,0.51,15,0.13,FALSE,1.40
Kellet's_Whelk,sensitivity,sensitivity_to_OA,3.80,0.41,15,0.11,FALSE,3.80
Kellet's_Whelk,sensitivity,sensitivity_to_temperature,2.53,0.92,15,0.24,FALSE,2.53
Kellet's_Whelk,sensitivity,spawing_cycle,3.07,0.59,15,0.15,FALSE,3.07
Kellet's_Whelk,sensitivity,stock_size_or_status,1.93,0.96,15,0.25,FALSE,1.93
Kelp_Bass,sensitivity,adult_mobility,2.60,0.51,15,0.13,FALSE,2.60
Kelp_Bass,sensitivity,complexity_in_reproductive_strategy,2.67,0.62,15,0.16,FALSE,2.67
Kelp_Bass,sensitivity,dispersal_of_early_life_stages,1.73,0.46,15,0.12,FALSE,1.73
Kelp_Bass,sensitivity,early_life_history_survival_and_settlement,2.93,0.70,15,0.18,FALSE,2.93
Kelp_Bass,sensitivity,habitat_specificity,3.60,0.51,15,0.13,FALSE,3.60
Kelp_Bass,sensitivity,other_stressors,1.80,0.68,15,0.17,FALSE,1.80
Kelp_Bass,sensitivity,population_growth_rate,3.33,0.72,15,0.19,FALSE,3.33
Kelp_Bass,sensitivity,prey_specificity,1.60,0.63,15,0.16,FALSE,1.60
Kelp_Bass,sensitivity,sensitivity_to_OA,1.40,0.63,15,0.16,FALSE,1.40
Kelp_Bass,sensitivity,sensitivity_to_temperature,2.33,0.72,15,0.19,FALSE,2.33
Kelp_Bass,sensitivity,spawing_cycle,2.73,0.46,15,0.12,FALSE,2.73
Kelp_Bass,sensitivity,stock_size_or_status,3.27,0.70,15,0.18,FALSE,3.27
Market_Squid,sensitivity,adult_mobility,1.53,0.74,15,0.19,FALSE,1.53
Market_Squid,sensitivity,complexity_in_reproductive_strategy,2.20,0.56,15,0.14,FALSE,2.20
Market_Squid,sensitivity,dispersal_of_early_life_stages,1.40,0.63,15,0.16,FALSE,1.40
Market_Squid,sensitivity,early_life_history_survival_and_settlement,3.20,0.68,15,0.17,FALSE,3.20
Market_Squid,sensitivity,habitat_specificity,2.93,1.10,15,0.28,TRUE,2.25
Market_Squid,sensitivity,other_stressors,1.33,0.49,15,0.13,FALSE,1.33
Market_Squid,sensitivity,population_growth_rate,1.20,0.56,15,0.14,FALSE,1.20
Market_Squid,sensitivity,prey_specificity,1.73,0.59,15,0.15,FALSE,1.73
Market_Squid,sensitivity,sensitivity_to_OA,2.73,0.80,15,0.21,FALSE,2.73
Market_Squid,sensitivity,sensitivity_to_temperature,3.07,0.96,15,0.25,TRUE,2.75
Market_Squid,sensitivity,spawing_cycle,1.80,0.68,15,0.17,FALSE,1.80
Market_Squid,sensitivity,stock_size_or_status,1.67,0.72,15,0.19,FALSE,1.67
Night_Smelt,sensitivity,adult_mobility,1.33,0.49,15,0.13,FALSE,1.33
Night_Smelt,sensitivity,complexity_in_reproductive_strategy,1.87,0.74,15,0.19,FALSE,1.87
Night_Smelt,sensitivity,dispersal_of_early_life_stages,3.80,0.41,15,0.11,FALSE,3.80
Night_Smelt,sensitivity,early_life_history_survival_and_settlement,2.60,0.74,15,0.19,FALSE,2.60
Night_Smelt,sensitivity,habitat_specificity,1.73,0.80,15,0.21,TRUE,2.75
Night_Smelt,sensitivity,other_stressors,1.73,0.70,15,0.18,FALSE,1.73
Night_Smelt,sensitivity,population_growth_rate,1.33,0.62,15,0.16,FALSE,1.33
Night_Smelt,sensitivity,prey_specificity,1.73,0.70,15,0.18,FALSE,1.73
Night_Smelt,sensitivity,sensitivity_to_OA,2.13,0.64,15,0.17,FALSE,2.13
Night_Smelt,sensitivity,sensitivity_to_temperature,2.13,0.99,15,0.26,TRUE,2.75
Night_Smelt,sensitivity,spawing_cycle,1.40,0.51,15,0.13,FALSE,1.40
Night_Smelt,sensitivity,stock_size_or_status,1.53,0.64,15,0.17,FALSE,1.53
Ocean_Pink_Shrimp,sensitivity,adult_mobility,2.07,0.70,15,0.18,FALSE,2.07
Ocean_Pink_Shrimp,sensitivity,complexity_in_reproductive_strategy,2.27,0.70,15,0.18,FALSE,2.27
Ocean_Pink_Shrimp,sensitivity,dispersal_of_early_life_stages,1.20,0.41,15,0.11,FALSE,1.20
Ocean_Pink_Shrimp,sensitivity,early_life_history_survival_and_settlement,3.13,0.64,15,0.17,FALSE,3.13
Ocean_Pink_Shrimp,sensitivity,habitat_specificity,1.87,0.74,15,0.19,FALSE,1.87
Ocean_Pink_Shrimp,sensitivity,other_stressors,1.67,0.90,15,0.23,FALSE,1.67
Ocean_Pink_Shrimp,sensitivity,population_growth_rate,2.00,1.13,15,0.29,FALSE,2.00
Ocean_Pink_Shrimp,sensitivity,prey_specificity,1.40,0.51,15,0.13,FALSE,1.40
Ocean_Pink_Shrimp,sensitivity,sensitivity_to_OA,3.47,0.74,15,0.19,FALSE,3.47
Ocean_Pink_Shrimp,sensitivity,sensitivity_to_temperature,3.47,0.64,15,0.17,FALSE,3.47
Ocean_Pink_Shrimp,sensitivity,spawing_cycle,3.27,0.46,15,0.12,FALSE,3.27
Ocean_Pink_Shrimp,sensitivity,stock_size_or_status,2.00,0.93,15,0.24,FALSE,2.00
Ocean_Whitefish,sensitivity,adult_mobility,1.87,0.92,15,0.24,TRUE,2.75
Ocean_Whitefish,sensitivity,complexity_in_reproductive_strategy,2.27,0.80,15,0.21,FALSE,2.27
Ocean_Whitefish,sensitivity,dispersal_of_early_life_stages,2.20,0.94,15,0.24,FALSE,2.20
Ocean_Whitefish,sensitivity,early_life_history_survival_and_settlement,2.60,0.83,15,0.21,FALSE,2.60
Ocean_Whitefish,sensitivity,habitat_specificity,2.60,0.63,15,0.16,FALSE,2.60
Ocean_Whitefish,sensitivity,other_stressors,2.07,1.03,15,0.27,FALSE,2.07
Ocean_Whitefish,sensitivity,population_growth_rate,2.53,0.83,15,0.22,FALSE,2.53
Ocean_Whitefish,sensitivity,prey_specificity,2.33,0.82,15,0.21,FALSE,2.33
Ocean_Whitefish,sensitivity,sensitivity_to_OA,2.13,0.64,15,0.17,FALSE,2.13
Ocean_Whitefish,sensitivity,sensitivity_to_temperature,2.20,0.86,15,0.22,FALSE,2.20
Ocean_Whitefish,sensitivity,spawing_cycle,2.33,0.90,15,0.23,TRUE,2.75
Ocean_Whitefish,sensitivity,stock_size_or_status,3.53,0.52,15,0.13,FALSE,3.53
Pacific_Angel_Shark,sensitivity,adult_mobility,1.80,0.68,15,0.17,FALSE,1.80
Pacific_Angel_Shark,sensitivity,complexity_in_reproductive_strategy,1.47,0.92,15,0.24,FALSE,1.47
Pacific_Angel_Shark,sensitivity,dispersal_of_early_life_stages,3.00,1.46,15,0.38,FALSE,3.00
Pacific_Angel_Shark,sensitivity,early_life_history_survival_and_settlement,1.07,0.26,15,0.07,FALSE,1.07
Pacific_Angel_Shark,sensitivity,habitat_specificity,1.93,0.70,15,0.18,FALSE,1.93
Pacific_Angel_Shark,sensitivity,other_stressors,1.80,0.68,15,0.17,FALSE,1.80
Pacific_Angel_Shark,sensitivity,population_growth_rate,3.67,0.49,15,0.13,FALSE,3.67
Pacific_Angel_Shark,sensitivity,prey_specificity,2.07,0.70,15,0.18,FALSE,2.07
Pacific_Angel_Shark,sensitivity,sensitivity_to_OA,1.27,0.46,15,0.12,FALSE,1.27
Pacific_Angel_Shark,sensitivity,sensitivity_to_temperature,1.60,0.74,15,0.19,FALSE,1.60
Pacific_Angel_Shark,sensitivity,spawing_cycle,1.80,0.77,15,0.20,FALSE,1.80
Pacific_Angel_Shark,sensitivity,stock_size_or_status,1.93,0.80,15,0.21,FALSE,1.93
Pacific_Bonito,sensitivity,adult_mobility,1.08,0.28,25,0.06,FALSE,1.08
Pacific_Bonito,sensitivity,complexity_in_reproductive_strategy,1.76,0.78,25,0.16,FALSE,1.76
Pacific_Bonito,sensitivity,dispersal_of_early_life_stages,2.28,0.89,25,0.18,FALSE,2.28
Pacific_Bonito,sensitivity,early_life_history_survival_and_settlement,2.08,0.86,25,0.17,FALSE,2.08
Pacific_Bonito,sensitivity,habitat_specificity,2.28,1.24,25,0.25,FALSE,2.28
Pacific_Bonito,sensitivity,other_stressors,1.44,0.51,25,0.10,FALSE,1.44
Pacific_Bonito,sensitivity,population_growth_rate,1.40,0.58,25,0.12,FALSE,1.40
Pacific_Bonito,sensitivity,prey_specificity,1.56,0.58,25,0.12,FALSE,1.56
Pacific_Bonito,sensitivity,sensitivity_to_OA,1.20,0.41,25,0.08,FALSE,1.20
Pacific_Bonito,sensitivity,sensitivity_to_temperature,1.48,0.65,25,0.13,FALSE,1.48
Pacific_Bonito,sensitivity,spawing_cycle,2.72,0.54,25,0.11,FALSE,2.72
Pacific_Bonito,sensitivity,stock_size_or_status,1.48,0.65,25,0.13,FALSE,1.48
Pacific_Geoduck_Clam,sensitivity,adult_mobility,3.93,0.26,15,0.07,FALSE,3.93
Pacific_Geoduck_Clam,sensitivity,complexity_in_reproductive_strategy,2.40,0.74,15,0.19,FALSE,2.40
Pacific_Geoduck_Clam,sensitivity,dispersal_of_early_life_stages,2.20,0.68,15,0.17,FALSE,2.20
Pacific_Geoduck_Clam,sensitivity,early_life_history_survival_and_settlement,3.07,0.70,15,0.18,FALSE,3.07
Pacific_Geoduck_Clam,sensitivity,habitat_specificity,1.87,0.64,15,0.17,FALSE,1.87
Pacific_Geoduck_Clam,sensitivity,other_stressors,3.20,0.68,15,0.17,FALSE,3.20
Pacific_Geoduck_Clam,sensitivity,population_growth_rate,3.20,0.68,15,0.17,TRUE,2.75
Pacific_Geoduck_Clam,sensitivity,prey_specificity,2.13,0.74,15,0.19,FALSE,2.13
Pacific_Geoduck_Clam,sensitivity,sensitivity_to_OA,3.87,0.35,15,0.09,FALSE,3.87
Pacific_Geoduck_Clam,sensitivity,sensitivity_to_temperature,2.67,0.90,15,0.23,FALSE,2.67
Pacific_Geoduck_Clam,sensitivity,spawing_cycle,2.73,0.46,15,0.12,FALSE,2.73
Pacific_Geoduck_Clam,sensitivity,stock_size_or_status,3.07,0.70,15,0.18,FALSE,3.07
Pacific_Hagfish,sensitivity,adult_mobility,2.40,0.83,15,0.21,TRUE,2.75
Pacific_Hagfish,sensitivity,complexity_in_reproductive_strategy,1.33,0.62,15,0.16,FALSE,1.33
Pacific_Hagfish,sensitivity,dispersal_of_early_life_stages,2.93,0.80,15,0.21,TRUE,3.75
Pacific_Hagfish,sensitivity,early_life_history_survival_and_settlement,1.27,0.46,15,0.12,FALSE,1.27
Pacific_Hagfish,sensitivity,habitat_specificity,1.13,0.35,15,0.09,FALSE,1.13
Pacific_Hagfish,sensitivity,other_stressors,1.53,0.64,15,0.17,FALSE,1.53
Pacific_Hagfish,sensitivity,population_growth_rate,2.47,0.83,15,0.22,TRUE,2.75
Pacific_Hagfish,sensitivity,prey_specificity,1.40,0.51,15,0.13,FALSE,1.40
Pacific_Hagfish,sensitivity,sensitivity_to_OA,1.53,0.64,15,0.17,FALSE,1.53
Pacific_Hagfish,sensitivity,sensitivity_to_temperature,1.53,0.52,15,0.13,FALSE,1.53
Pacific_Hagfish,sensitivity,spawing_cycle,1.07,0.26,15,0.07,FALSE,1.07
Pacific_Hagfish,sensitivity,stock_size_or_status,1.67,0.90,15,0.23,FALSE,1.67
Pacific_Herring,sensitivity,adult_mobility,1.27,0.46,15,0.12,FALSE,1.27
Pacific_Herring,sensitivity,complexity_in_reproductive_strategy,3.40,0.74,15,0.19,FALSE,3.40
Pacific_Herring,sensitivity,dispersal_of_early_life_stages,2.80,0.68,15,0.17,FALSE,2.80
Pacific_Herring,sensitivity,early_life_history_survival_and_settlement,2.87,0.74,15,0.19,FALSE,2.87
Pacific_Herring,sensitivity,habitat_specificity,3.27,0.70,15,0.18,FALSE,3.27
Pacific_Herring,sensitivity,other_stressors,2.87,0.64,15,0.17,FALSE,2.87
Pacific_Herring,sensitivity,population_growth_rate,1.93,0.80,15,0.21,FALSE,1.93
Pacific_Herring,sensitivity,prey_specificity,2.60,0.63,15,0.16,FALSE,2.60
Pacific_Herring,sensitivity,sensitivity_to_OA,2.87,0.64,15,0.17,FALSE,2.87
Pacific_Herring,sensitivity,sensitivity_to_temperature,2.73,0.59,15,0.15,FALSE,2.73
Pacific_Herring,sensitivity,spawing_cycle,2.73,0.59,15,0.15,FALSE,2.73
Pacific_Herring,sensitivity,stock_size_or_status,2.73,0.80,15,0.21,TRUE,3.25
Pismo_Clam,sensitivity,adult_mobility,3.67,0.49,15,0.13,FALSE,3.67
Pismo_Clam,sensitivity,complexity_in_reproductive_strategy,1.87,0.64,15,0.17,FALSE,1.87
Pismo_Clam,sensitivity,dispersal_of_early_life_stages,3.00,0.65,15,0.17,FALSE,3.00
Pismo_Clam,sensitivity,early_life_history_survival_and_settlement,2.80,0.86,15,0.22,FALSE,2.80
Pismo_Clam,sensitivity,habitat_specificity,2.60,0.74,15,0.19,FALSE,2.60
Pismo_Clam,sensitivity,other_stressors,3.27,0.70,15,0.18,FALSE,3.27
Pismo_Clam,sensitivity,population_growth_rate,2.47,0.74,15,0.19,FALSE,2.47
Pismo_Clam,sensitivity,prey_specificity,1.53,0.64,15,0.17,FALSE,1.53
Pismo_Clam,sensitivity,sensitivity_to_OA,3.87,0.35,15,0.09,FALSE,3.87
Pismo_Clam,sensitivity,sensitivity_to_temperature,3.27,0.80,15,0.21,TRUE,2.75
Pismo_Clam,sensitivity,spawing_cycle,2.73,0.70,15,0.18,FALSE,2.73
Pismo_Clam,sensitivity,stock_size_or_status,3.20,0.68,15,0.17,FALSE,3.20
Red_Abalone,sensitivity,adult_mobility,3.32,0.56,25,0.11,FALSE,3.32
Red_Abalone,sensitivity,complexity_in_reproductive_strategy,3.20,0.71,25,0.14,FALSE,3.20
Red_Abalone,sensitivity,dispersal_of_early_life_stages,3.24,0.52,25,0.10,FALSE,3.24
Red_Abalone,sensitivity,early_life_history_survival_and_settlement,3.68,0.48,25,0.10,FALSE,3.68
Red_Abalone,sensitivity,habitat_specificity,3.44,0.71,25,0.14,FALSE,3.44
Red_Abalone,sensitivity,other_stressors,3.88,0.33,25,0.07,FALSE,3.88
Red_Abalone,sensitivity,population_growth_rate,3.84,0.37,25,0.07,FALSE,3.84
Red_Abalone,sensitivity,prey_specificity,2.76,1.13,25,0.23,TRUE,3.25
Red_Abalone,sensitivity,sensitivity_to_OA,3.76,0.44,25,0.09,FALSE,3.76
Red_Abalone,sensitivity,sensitivity_to_temperature,3.16,1.14,25,0.23,FALSE,3.16
Red_Abalone,sensitivity,spawing_cycle,1.60,0.71,25,0.14,TRUE,2.75
Red_Abalone,sensitivity,stock_size_or_status,3.76,0.52,25,0.10,FALSE,3.76
Red_Sea_Urchin,sensitivity,adult_mobility,3.13,0.64,15,0.17,TRUE,2.75
Red_Sea_Urchin,sensitivity,complexity_in_reproductive_strategy,2.07,0.70,15,0.18,FALSE,2.07
Red_Sea_Urchin,sensitivity,dispersal_of_early_life_stages,1.27,0.46,15,0.12,FALSE,1.27
Red_Sea_Urchin,sensitivity,early_life_history_survival_and_settlement,3.00,0.65,15,0.17,FALSE,3.00
Red_Sea_Urchin,sensitivity,habitat_specificity,2.40,0.74,15,0.19,FALSE,2.40
Red_Sea_Urchin,sensitivity,other_stressors,2.87,0.74,15,0.19,FALSE,2.87
Red_Sea_Urchin,sensitivity,population_growth_rate,2.60,0.99,15,0.25,FALSE,2.60
Red_Sea_Urchin,sensitivity,prey_specificity,2.00,0.65,15,0.17,FALSE,2.00
Red_Sea_Urchin,sensitivity,sensitivity_to_OA,3.40,0.63,15,0.16,TRUE,3.75
Red_Sea_Urchin,sensitivity,sensitivity_to_temperature,2.53,0.64,15,0.17,FALSE,2.53
Red_Sea_Urchin,sensitivity,spawing_cycle,2.27,0.46,15,0.12,FALSE,2.27
Red_Sea_Urchin,sensitivity,stock_size_or_status,2.20,1.01,15,0.26,FALSE,2.20
Redtail_Surfperch,sensitivity,adult_mobility,2.00,0.76,15,0.20,FALSE,2.00
Redtail_Surfperch,sensitivity,complexity_in_reproductive_strategy,2.07,0.96,15,0.25,FALSE,2.07
Redtail_Surfperch,sensitivity,dispersal_of_early_life_stages,3.53,0.74,15,0.19,FALSE,3.53
Redtail_Surfperch,sensitivity,early_life_history_survival_and_settlement,2.33,1.05,15,0.27,FALSE,2.33
Redtail_Surfperch,sensitivity,habitat_specificity,1.67,0.72,15,0.19,FALSE,1.67
Redtail_Surfperch,sensitivity,other_stressors,2.27,0.88,15,0.23,FALSE,2.27
Redtail_Surfperch,sensitivity,population_growth_rate,2.00,0.76,15,0.20,FALSE,2.00
Redtail_Surfperch,sensitivity,prey_specificity,2.40,0.83,15,0.21,FALSE,2.40
Redtail_Surfperch,sensitivity,sensitivity_to_OA,2.67,0.62,15,0.16,FALSE,2.67
Redtail_Surfperch,sensitivity,sensitivity_to_temperature,2.07,0.70,15,0.18,FALSE,2.07
Redtail_Surfperch,sensitivity,spawing_cycle,3.07,0.88,15,0.23,FALSE,3.07
Redtail_Surfperch,sensitivity,stock_size_or_status,2.80,0.68,15,0.17,FALSE,2.80
Ridgeback_Prawn,sensitivity,adult_mobility,2.80,0.56,15,0.14,FALSE,2.80
Ridgeback_Prawn,sensitivity,complexity_in_reproductive_strategy,1.80,0.94,15,0.24,FALSE,1.80
Ridgeback_Prawn,sensitivity,dispersal_of_early_life_stages,2.25,1.00,16,0.25,FALSE,2.25
Ridgeback_Prawn,sensitivity,early_life_history_survival_and_settlement,2.07,0.70,15,0.18,FALSE,2.07
Ridgeback_Prawn,sensitivity,habitat_specificity,1.27,0.46,15,0.12,FALSE,1.27
Ridgeback_Prawn,sensitivity,other_stressors,1.40,0.63,15,0.16,FALSE,1.40
Ridgeback_Prawn,sensitivity,population_growth_rate,1.80,0.86,15,0.22,FALSE,1.80
Ridgeback_Prawn,sensitivity,prey_specificity,1.13,0.35,15,0.09,FALSE,1.13
Ridgeback_Prawn,sensitivity,sensitivity_to_OA,2.40,1.06,15,0.27,FALSE,2.40
Ridgeback_Prawn,sensitivity,sensitivity_to_temperature,2.00,0.76,15,0.20,FALSE,2.00
Ridgeback_Prawn,sensitivity,spawing_cycle,2.53,0.64,15,0.17,FALSE,2.53
Ridgeback_Prawn,sensitivity,stock_size_or_status,1.87,0.92,15,0.24,FALSE,1.87
Rock_Crab,sensitivity,adult_mobility,2.80,0.41,15,0.11,FALSE,2.80
Rock_Crab,sensitivity,complexity_in_reproductive_strategy,2.00,0.93,15,0.24,FALSE,2.00
Rock_Crab,sensitivity,dispersal_of_early_life_stages,2.00,0.53,15,0.14,FALSE,2.00
Rock_Crab,sensitivity,early_life_history_survival_and_settlement,3.00,0.65,15,0.17,FALSE,3.00
Rock_Crab,sensitivity,habitat_specificity,1.80,0.68,15,0.17,FALSE,1.80
Rock_Crab,sensitivity,other_stressors,2.13,0.83,15,0.22,FALSE,2.13
Rock_Crab,sensitivity,population_growth_rate,1.27,0.46,15,0.12,FALSE,1.27
Rock_Crab,sensitivity,prey_specificity,1.07,0.26,15,0.07,FALSE,1.07
Rock_Crab,sensitivity,sensitivity_to_OA,2.80,0.68,15,0.17,FALSE,2.80
Rock_Crab,sensitivity,sensitivity_to_temperature,1.67,0.72,15,0.19,FALSE,1.67
Rock_Crab,sensitivity,spawing_cycle,1.47,0.64,15,0.17,FALSE,1.47
Rock_Crab,sensitivity,stock_size_or_status,2.13,1.06,15,0.27,FALSE,2.13
Shiner_Perch,sensitivity,adult_mobility,2.20,0.68,15,0.17,FALSE,2.20
Shiner_Perch,sensitivity,complexity_in_reproductive_strategy,2.07,0.88,15,0.23,FALSE,2.07
Shiner_Perch,sensitivity,dispersal_of_early_life_stages,3.67,0.49,15,0.13,FALSE,3.67
Shiner_Perch,sensitivity,early_life_history_survival_and_settlement,2.20,1.08,15,0.28,FALSE,2.20
Shiner_Perch,sensitivity,habitat_specificity,2.73,0.70,15,0.18,FALSE,2.73
Shiner_Perch,sensitivity,other_stressors,2.47,0.74,15,0.19,FALSE,2.47
Shiner_Perch,sensitivity,population_growth_rate,1.47,0.64,15,0.17,FALSE,1.47
Shiner_Perch,sensitivity,prey_specificity,2.07,0.88,15,0.23,FALSE,2.07
Shiner_Perch,sensitivity,sensitivity_to_OA,2.73,0.59,15,0.15,FALSE,2.73
Shiner_Perch,sensitivity,sensitivity_to_temperature,2.00,0.93,15,0.24,FALSE,2.00
Shiner_Perch,sensitivity,spawing_cycle,3.07,0.88,15,0.23,FALSE,3.07
Shiner_Perch,sensitivity,stock_size_or_status,3.20,0.68,15,0.17,FALSE,3.20
Spiny_Lobster,sensitivity,adult_mobility,2.40,0.63,15,0.16,FALSE,2.40
Spiny_Lobster,sensitivity,complexity_in_reproductive_strategy,3.00,0.65,15,0.17,FALSE,3.00
Spiny_Lobster,sensitivity,dispersal_of_early_life_stages,1.00,0.00,15,0.00,FALSE,1.00
Spiny_Lobster,sensitivity,early_life_history_survival_and_settlement,3.20,0.77,15,0.20,FALSE,3.20
Spiny_Lobster,sensitivity,habitat_specificity,3.33,0.62,15,0.16,FALSE,3.33
Spiny_Lobster,sensitivity,other_stressors,2.60,0.74,15,0.19,FALSE,2.60
Spiny_Lobster,sensitivity,population_growth_rate,3.80,0.41,15,0.11,TRUE,3.25
Spiny_Lobster,sensitivity,prey_specificity,1.27,0.46,15,0.12,FALSE,1.27
Spiny_Lobster,sensitivity,sensitivity_to_OA,2.80,0.56,15,0.14,FALSE,2.80
Spiny_Lobster,sensitivity,sensitivity_to_temperature,2.93,0.80,15,0.21,TRUE,3.25
Spiny_Lobster,sensitivity,spawing_cycle,3.73,0.46,15,0.12,FALSE,3.73
Spiny_Lobster,sensitivity,stock_size_or_status,2.27,0.70,15,0.18,FALSE,2.27
Spot_Prawn,sensitivity,adult_mobility,2.87,0.52,15,0.13,FALSE,2.87
Spot_Prawn,sensitivity,complexity_in_reproductive_strategy,2.13,0.74,15,0.19,FALSE,2.13
Spot_Prawn,sensitivity,dispersal_of_early_life_stages,2.60,0.83,15,0.21,FALSE,2.60
Spot_Prawn,sensitivity,early_life_history_survival_and_settlement,2.60,0.91,15,0.24,FALSE,2.60
Spot_Prawn,sensitivity,habitat_specificity,2.80,0.68,15,0.17,FALSE,2.80
Spot_Prawn,sensitivity,other_stressors,1.73,0.59,15,0.15,FALSE,1.73
Spot_Prawn,sensitivity,population_growth_rate,1.67,0.82,15,0.21,FALSE,1.67
Spot_Prawn,sensitivity,prey_specificity,1.07,0.26,15,0.07,FALSE,1.07
Spot_Prawn,sensitivity,sensitivity_to_OA,3.33,0.62,15,0.16,FALSE,3.33
Spot_Prawn,sensitivity,sensitivity_to_temperature,2.47,0.52,15,0.13,TRUE,2.75
Spot_Prawn,sensitivity,spawing_cycle,3.73,0.46,15,0.12,FALSE,3.73
Spot_Prawn,sensitivity,stock_size_or_status,1.60,0.91,15,0.24,FALSE,1.60
Spotted_Sand_Bass,sensitivity,adult_mobility,3.20,0.41,15,0.11,FALSE,3.20
Spotted_Sand_Bass,sensitivity,complexity_in_reproductive_strategy,3.13,0.52,15,0.13,FALSE,3.13
Spotted_Sand_Bass,sensitivity,dispersal_of_early_life_stages,2.73,0.80,15,0.21,FALSE,2.73
Spotted_Sand_Bass,sensitivity,early_life_history_survival_and_settlement,2.33,0.90,15,0.23,TRUE,3.25
Spotted_Sand_Bass,sensitivity,habitat_specificity,3.40,0.74,15,0.19,FALSE,3.40
Spotted_Sand_Bass,sensitivity,other_stressors,2.40,0.74,15,0.19,FALSE,2.40
Spotted_Sand_Bass,sensitivity,population_growth_rate,2.40,0.91,15,0.24,FALSE,2.40
Spotted_Sand_Bass,sensitivity,prey_specificity,2.67,0.62,15,0.16,FALSE,2.67
Spotted_Sand_Bass,sensitivity,sensitivity_to_OA,2.93,0.59,15,0.15,FALSE,2.93
Spotted_Sand_Bass,sensitivity,sensitivity_to_temperature,1.47,0.64,15,0.17,FALSE,1.47
Spotted_Sand_Bass,sensitivity,spawing_cycle,2.33,0.72,15,0.19,FALSE,2.33
Spotted_Sand_Bass,sensitivity,stock_size_or_status,2.47,0.99,15,0.26,FALSE,2.47
Warty_Sea_Cucumber,sensitivity,adult_mobility,2.93,0.59,15,0.15,FALSE,2.93
Warty_Sea_Cucumber,sensitivity,complexity_in_reproductive_strategy,2.80,0.56,15,0.14,FALSE,2.80
Warty_Sea_Cucumber,sensitivity,dispersal_of_early_life_stages,2.20,0.77,15,0.20,TRUE,2.75
Warty_Sea_Cucumber,sensitivity,early_life_history_survival_and_settlement,2.60,0.91,15,0.24,TRUE,3.25
Warty_Sea_Cucumber,sensitivity,habitat_specificity,2.67,0.90,15,0.23,TRUE,2.75
Warty_Sea_Cucumber,sensitivity,other_stressors,2.27,0.80,15,0.21,TRUE,2.75
Warty_Sea_Cucumber,sensitivity,population_growth_rate,2.53,0.92,15,0.24,TRUE,2.75
Warty_Sea_Cucumber,sensitivity,prey_specificity,1.80,0.86,15,0.22,TRUE,2.25
Warty_Sea_Cucumber,sensitivity,sensitivity_to_OA,1.13,0.35,15,0.09,FALSE,1.13
Warty_Sea_Cucumber,sensitivity,sensitivity_to_temperature,3.47,0.52,15,0.13,FALSE,3.47
Warty_Sea_Cucumber,sensitivity,spawing_cycle,3.13,0.64,15,0.17,FALSE,3.13
Warty_Sea_Cucumber,sensitivity,stock_size_or_status,3.47,0.64,15,0.17,FALSE,3.47
White_Croaker,sensitivity,adult_mobility,1.33,0.49,15,0.13,FALSE,1.33
White_Croaker,sensitivity,complexity_in_reproductive_strategy,1.87,0.92,15,0.24,FALSE,1.87
White_Croaker,sensitivity,dispersal_of_early_life_stages,2.73,1.03,15,0.27,TRUE,2.25
White_Croaker,sensitivity,early_life_history_survival_and_settlement,2.47,0.99,15,0.26,FALSE,2.47
White_Croaker,sensitivity,habitat_specificity,1.73,0.88,15,0.23,FALSE,1.73
White_Croaker,sensitivity,other_stressors,2.00,0.76,15,0.20,FALSE,2.00
White_Croaker,sensitivity,population_growth_rate,2.47,0.92,15,0.24,FALSE,2.47
White_Croaker,sensitivity,prey_specificity,2.53,0.64,15,0.17,FALSE,2.53
White_Croaker,sensitivity,sensitivity_to_OA,2.80,0.56,15,0.14,FALSE,2.80
White_Croaker,sensitivity,sensitivity_to_temperature,1.53,0.64,15,0.17,FALSE,1.53
White_Croaker,sensitivity,spawing_cycle,1.53,0.74,15,0.19,FALSE,1.53
White_Croaker,sensitivity,stock_size_or_status,2.93,0.70,15,0.18,FALSE,2.93
White_Seabass,sensitivity,adult_mobility,1.36,0.49,25,0.10,FALSE,1.36
White_Seabass,sensitivity,complexity_in_reproductive_strategy,2.32,0.85,25,0.17,FALSE,2.32
White_Seabass,sensitivity,dispersal_of_early_life_stages,2.32,0.56,25,0.11,FALSE,2.32
White_Seabass,sensitivity,early_life_history_survival_and_settlement,2.52,0.77,25,0.15,FALSE,2.52
White_Seabass,sensitivity,habitat_specificity,2.72,0.61,25,0.12,FALSE,2.72
White_Seabass,sensitivity,other_stressors,2.17,0.64,24,0.13,FALSE,2.17
White_Seabass,sensitivity,population_growth_rate,2.56,0.65,25,0.13,TRUE,2.25
White_Seabass,sensitivity,prey_specificity,1.64,0.64,25,0.13,FALSE,1.64
White_Seabass,sensitivity,sensitivity_to_OA,1.32,0.56,25,0.11,FALSE,1.32
White_Seabass,sensitivity,sensitivity_to_temperature,2.16,0.75,25,0.15,FALSE,2.16
White_Seabass,sensitivity,spawing_cycle,2.36,0.64,25,0.13,FALSE,2.36
White_Seabass,sensitivity,stock_size_or_status,2.52,0.92,25,0.18,FALSE,2.52
